CREATE DATABASE  IF NOT EXISTS `quizz` /*!40100 DEFAULT CHARACTER SET latin1 */;
USE `quizz`;
-- MySQL dump 10.13  Distrib 5.6.24, for Win64 (x86_64)
--
-- Host: 127.0.0.1    Database: quizz
-- ------------------------------------------------------
-- Server version	5.6.26-log

/*!40101 SET @OLD_CHARACTER_SET_CLIENT=@@CHARACTER_SET_CLIENT */;
/*!40101 SET @OLD_CHARACTER_SET_RESULTS=@@CHARACTER_SET_RESULTS */;
/*!40101 SET @OLD_COLLATION_CONNECTION=@@COLLATION_CONNECTION */;
/*!40101 SET NAMES utf8 */;
/*!40103 SET @OLD_TIME_ZONE=@@TIME_ZONE */;
/*!40103 SET TIME_ZONE='+00:00' */;
/*!40014 SET @OLD_UNIQUE_CHECKS=@@UNIQUE_CHECKS, UNIQUE_CHECKS=0 */;
/*!40014 SET @OLD_FOREIGN_KEY_CHECKS=@@FOREIGN_KEY_CHECKS, FOREIGN_KEY_CHECKS=0 */;
/*!40101 SET @OLD_SQL_MODE=@@SQL_MODE, SQL_MODE='NO_AUTO_VALUE_ON_ZERO' */;
/*!40111 SET @OLD_SQL_NOTES=@@SQL_NOTES, SQL_NOTES=0 */;

--
-- Table structure for table `cauhoi`
--

DROP TABLE IF EXISTS `cauhoi`;
/*!40101 SET @saved_cs_client     = @@character_set_client */;
/*!40101 SET character_set_client = utf8 */;
CREATE TABLE `cauhoi` (
  `idCauHoi` int(11) NOT NULL,
  `NoiDungCauHoi` mediumtext,
  `DapAnDung` varchar(5) DEFAULT NULL,
  `MaNoiDung` int(11) DEFAULT NULL,
  PRIMARY KEY (`idCauHoi`),
  KEY `Fok_cauhoi_noidung` (`MaNoiDung`),
  CONSTRAINT `Fok_cauhoi_noidung` FOREIGN KEY (`MaNoiDung`) REFERENCES `noidung` (`idNoiDung`) ON DELETE NO ACTION ON UPDATE NO ACTION
) ENGINE=InnoDB DEFAULT CHARSET=utf8;
/*!40101 SET character_set_client = @saved_cs_client */;

--
-- Dumping data for table `cauhoi`
--

LOCK TABLES `cauhoi` WRITE;
/*!40000 ALTER TABLE `cauhoi` DISABLE KEYS */;
INSERT INTO `cauhoi` VALUES (1,'Độ phức tạp trung bình của thuật toán quick sort là bao nhiêu?','C',1),(2,'Insertion sort là gì\n','A',1),(3,'Mô tả nào đúng với hoạt động của stack\n','D',1),(4,'Queue khác gì so với stack','B',1),(5,'Cho dãy số: 6 2 1 5 4 8. Cho biết kết quả sắp xếp tăng dần thep phương pháp selection sort qua lần duyệt đầu tiên','D',1),(6,'Link-list có mấy loại?','C',1),(7,'Cho mảng A[3][3] = {1,2,3},{4,5,6},{7,8,1}. Cho biết tổng lớn nhất đạt được khi bạn đứng ở vị trí A[2][1] và đi 2 bước? (không tính tại vị trí đứng)','A',1),(8,'Danh sách liên kết đơn khác gì với danh sách liên kết vòng ?','B',1),(9,'Dynamic programing là gì','C',1),(10,'Việc sử dụng giải thuật tham lam có ưu điểm gì hơn so với quy hoạch động?','A',1),(11,'Điều nào không đúng với cây nhị phân','A',2),(12,'Bậc của cây nhị phân có giá trị bằng bao nhiêu?','B',2),(13,'Có mấy kiểu duyệt cây nhị phân chính?','C',2),(14,'Cây nhi phân khác gì với cây nhị phân tìm kiếm? ','C',2),(15,'Bậc của một cấu trúc cây là gì?','D',2),(16,'Khi nào một nút trong cây được gọi là nút lá','D',2),(17,'Cấu trúc cây được lợi gì ?','D',2),(21,'Đâu không phải tính chất của lập trình hướng đối tượng?','A',3),(22,'từ khóa protected trong lập trình hướng đối tượng dùng để làm gì?','B',3),(23,'Một lớp con có thể có tối đa bao nhiêu lớp cha ?','D',3),(24,'Interface khác gì so với abstract class','B',3),(25,'Nếu một class implement một interface, class đó sẽ…. ?','C',3),(26,'một lớp con phải viết lại bao nhiêu phương thức của lớp cha','C',3),(27,'Một class khác gì so với struct','D',3),(28,'Ta dùng từ khóa nào để khởi tạo đối tượng?','A',3),(29,'Các thuộc tính cơ bản của hướng đối tượng?','B',3),(30,'Một class chứa các dữ liệu và phương thức được khai báo với các access modifier. Điều đó thể hiện tính gì của lập trình hướng đối tượng','A',3),(31,'Trong C#, từ khóa dùng để lớp con override phương thức của lớp cha','B',4),(32,'Trong C#, đáp án nào đúng để định nghĩa phương thức ảo?','C',4),(33,'Làm sao khai báo lớp A là con của lớp B','A',4),(34,'Trong các câu sau, câu nào sai?','C',4),(35,'Trong C#, một class cha có thể có bao nhiêu class con','D',4),(36,'Các phương thức trong interface sẽ được khai báo mặc định với access modifer là gì ?','A',4),(37,'Trong C#, cho interface A,  khai báo phương thức nào sau đây sai','D',4),(38,'Overload method và Override mothed khác gì nhau','A',4),(39,'từ khóa static dùng để làm gì ?','C',4),(40,'Khi một phương thức được định nghĩa với static, điều đó là…?','D',4),(41,'HTML là… ?','D',5),(42,'Ngôn ngữ html gần giống với kiểu ngôn ngữ nào nhất sau đây?','B',5),(43,'để gửi dữ liệu lên server, ta dùng thẻ html gì ?','A',5),(44,'CSScó vai trò như thế nào đối với website?','C',5),(45,'Sự khác biệt giữa web tĩnh và web động là gì ?','D',5),(46,'Làm sao để chèn css vô html?','B',5),(47,'Trong CSS, các thuộc tính margin và padding khác gì','C',5),(48,'Trong website, javascript dùng để làm gì ?','D',5),(49,'javascript trong website được để trong cặp thẻ nào?','A',5),(50,'Có mấy cách để chèn javascript vào html?','C',5),(51,'JSP giúp ta có thể chèn code thuộc ngôn ngữ nào vô html page?','C',6),(52,'Hầu hết các tag trong jsp đều bắt đầu và kết thúc với …?','B',6),(53,'JSP là ngôn ngữ thuộc…?','B',6),(54,'JSP và Java servlet khác gì nhau?','D',6),(55,'Sử dụng jsp tag nào để in trực kết quả ra màn hình?','A',6),(56,'Java servlet là gì ?','C',6),(57,'Các phương thức chính của một web servlet class là gì ?','A',6),(58,'JSP Expression Language khác gì so với jsp thông thường?','D',6),(59,'Sử dụng thẻ nào để tải dữ liệu từ 1 trang jsp khác vô 1 trang jsp?','C',6),(60,'JSP là viết tắt của từ nào?','B',6),(61,' Trong các mô hình sau, mô hình nào là mô hình mạng được dùng phổ biến hiện nay:','D',7),(62,'Dịch vụ mạng DNS dùng để:','B',7),(63,'Thiết bị mạng \nnào làm giảm bớt\n sự va chạm\n (collisions)?','C',7),(64,'Trong số các Hệ điều hành sau, Hệ điều hành mạng là:','C',7),(65,'Dịch vụ mạng SMTP dùng để:','A',7),(66,' Định tuyến tĩnh là loại định tuyến:','C',7),(67,' Các dịch vụ quay số tương tự (Dial-up) sử dụng thiết bị nào để chuyển đổi tín hiệu số sang tín hiệu tương tự?','B',7),(68,'Hub là thiết bị hoạt động ở tầng nào của mô hình OSI:','A',7),(69,'Topo thường dùng hiện nay trong các mạng LAN:','A',7),(70,'Để kết nối trực tiếp hai máy tính với nhau ta có thể dùng:','A',7),(71,'Thứ tự đóng gói dữ liệu khi truyền qua mô hình OSI:','C',7),(72,'Vai trò của tầng vật lý trong mô hình OSI là:','D',7),(73,'Trong mô hình mạng 7 tầng do ISO công bố, tầng nào làm nhiệm vụ truyền dữ liệu giữa hai điểm cuối, thực hiện kiểm soát lỗi/luồng, có thể thực hiện ghép kênh (multiplexing/demultiplexing), cắt/hợp dữ liệu:','A',7),(74,'Công nghệ mạng LAN nào được sử dụng rộng rãi nhất hiện nay?','B',7),(75,'Trong HEADER của IP PACKET có chứa','C',7),(76,'Trang thiết bị mạng trung tâm dùng để kết nối các máy tính trong mạng hình sao (STAR) là:','A',7),(77,'Giao thức mạng nào dưới đây được sử dụng trong mạng cục bộ LAN:','D',7),(78,'Tầng hai trong mô hình OSI tách luồng bit từ Tầng vật lý chuyển lên thành:','B',7),(79,'Phương pháp nào dùng để ngăn chặn các thâm nhập trái phép (theo danh sách truy nhập xác định trước) và có thể lọc bỏ các gói tin:','C',7),(80,'Dịch vụ nào cho phép người sử dụng từ một trạm làm việc của mình có thể đăng nhập vào một  trạm ở xa qua mạng và có thể làm việc với hệ thống:','C',7),(81,'Giao thức HCP có thể cấp được các thông số sau cho máy trạm client:','A',8),(82,'Một mạng con lớp C mượn 2 bit để chia Subnet thì Subnet Mask sẽ là: ','B',8),(83,'Địa chỉ IPv6 gồm\n bao nhiêu bit?','D',8),(84,'Địa chỉ MAC là:','D',8),(85,'Trong số các cặp giao thức và cổng dịch vụ sau, cặp nào là đúng:','C',8),(86,'Để phân giải\n địa chỉ IP thành\n địa chỉ MAC, sử dụng giao thức:','A',8),(87,'Khả năng định tuyến được thực hiện bởi thiết bị:','D',8),(88,'Dịch vụ nào cho phép tham chiếu host bằng tên thay cho việc dùng địa chỉ IP khi duyệt Internet?','B',8),(89,'Giao thức được sử dụng phổ biến trên Internet là:','B',8),(90,'Một Hub tốc độ 100Mbps có 12 cổng thì tốc độ của mỗi cổng sẽ là:','A',8),(91,'NIC là thiết bị hoạt động ở lớp nào của mô hình OSI:','A',8),(92,'Địa chỉ nào sau đây là địa chỉ quảng bá của mạng 192.168.25.128/28: ','D',8),(93,'Nếu lấy 1 địa chỉ lớp B để chia Subnet với Netmask là 255.255.240.0 thì có bao nhiêu Subnets có thể sử dụng được (useable subnets)? 240 = 111100002','C',8),(94,'Thiết bị mạng nào dùng để nối các mạng và kiểm soát được broadcast?','D',8),(95,' Địa chỉ nào là địa chỉ broadcast của lớp 2','D',8),(96,'Địa chỉ  được SWITCH sử dụng khi quyết định gửi data sang cổng (port) nào?','B',8),(97,'Một mạng con lớp C mượn 5 bit để chia Subnet thì Subnet Mask sẽ là: ','C',8),(98,'Phần nào trong địa chỉ IP được ROUTER sử dụng khi tìm đường đi?','B',8),(99,'Một mạng con lớp A mượn 21 bit để chia Subnet thì Subnet Mask sẽ là: ','D',8),(100,'Trong mạng máy tính dùng giao thức TCP/IP và đều dùng Subnet Mask là 255.255.255.0 thì cặp máy tính nào sau đây liên thông:','B',8),(101,' Subnet Mask nào sau đây là hợp lệ: ','D',8);
/*!40000 ALTER TABLE `cauhoi` ENABLE KEYS */;
UNLOCK TABLES;

--
-- Table structure for table `chitietcauhoi`
--

DROP TABLE IF EXISTS `chitietcauhoi`;
/*!40101 SET @saved_cs_client     = @@character_set_client */;
/*!40101 SET character_set_client = utf8 */;
CREATE TABLE `chitietcauhoi` (
  `MaCauHoi` int(11) NOT NULL AUTO_INCREMENT,
  `DapAnA` mediumtext,
  `DapAnB` mediumtext,
  `DapAnC` mediumtext,
  `DapAnD` mediumtext,
  PRIMARY KEY (`MaCauHoi`),
  CONSTRAINT `Fok_chitietcauhoi_cauhoi` FOREIGN KEY (`MaCauHoi`) REFERENCES `cauhoi` (`idCauHoi`) ON DELETE NO ACTION ON UPDATE NO ACTION
) ENGINE=InnoDB AUTO_INCREMENT=102 DEFAULT CHARSET=utf8;
/*!40101 SET character_set_client = @saved_cs_client */;

--
-- Dumping data for table `chitietcauhoi`
--

LOCK TABLES `chitietcauhoi` WRITE;
/*!40000 ALTER TABLE `chitietcauhoi` DISABLE KEYS */;
INSERT INTO `chitietcauhoi` VALUES (1,'O(n^2)\n','O(n)\n','n.log(n)\n','O(n^3)\n'),(2,'Sắp xếp chèn','Sắp xếp lựa chọn\n','Sắp xếp kiểu chia để trị\n','Sắp xếp nổi bọt\n'),(3,'Việc sắp xếp xe trong bãi đỗ xe','Việc điểm danh mọi người\ntrong lớp','Việc xếp hàng khi đi coi phim\n','Việc xếp chồng các đĩa CD'),(4,'Queue và stack là một','Queue hoạt động theo cơ chế FIFO, còn stack là LIFO','Queue là cấu trúc đặc biệt của stack','Queue được ứng dụng rộng rãi hơn so với stack'),(5,'2 6 1 5 4 8','6 2 5 4 8 1','1 2 4 5 6 8','6 2 5 1 4 8'),(6,'1 loại','2 loại','3 loại ','4 loại'),(7,'15','11','16','14'),(8,'Danh sách liên kết vòng thì phần tử sau đó sẽ liên kết với phần tử trước đó','Danh sách liên kết vòng thì phần tử cuối cùng sẽ được trỏ về phần tử đầu tiên','Cả A và B','Cả 2 loại giống nhau'),(9,'Giải thuật tham lam','Giải thuật quay lui','Giải Thuật quy hoạch động','Giải thuật phân tán'),(10,'Nhanh hơn so với quy hoạch động','Cho kết quả triệt để hơn so với quy hoạch động','thích hợp với các bài toán yêu cầu chính xác cao','Không có ưu điểm hơn so với quy hoạch động'),(11,'Cây nhị phân có 1 hoặc nhiều nút gốc','Cây nhị phân chỉ có 1 nút gốc','Một nút của cây nhị phân có tối đa 2 con','Các giá trị nút của cây nhị phân phụ thuộc vào nhau'),(12,'1','2','3','4'),(13,'1','2','3','4'),(14,'Giá trị bên trái của một nút luôn bằng hơn bên phải','Giá trị bên trái của một nút luôn lớn hơn bên phải','Giá trị bên trái của một nút luôn nhỏ hơn bên phải','Không câu nào đúng'),(15,'Là tổng bậc của các nút trong cây','là bậc nhỏ nhất của nút trong cây','Là bậc của nút gốc','Là bậc lớn nhất của nút trong cây'),(16,'Khi nút cha của nút đó có giá trị là 0','Khi nút cha của nút đó có bậc bằng 0','Khi nút đó có giá trị là 0','Khi nút đó có bậc bằng 0'),(17,'Tìm kiếm phần tử nhanh chóng','truy cập nhanh tới các phần tử','Tường minh trong việc khảo sát dữ liệu','cả 3 câu trên đều đúng'),(21,'Tính cụ thể','tính đóng gói','tính thừa kế','tính ảo hóa'),(22,'Khai báo kiểu dữ liệu','Khai báo tầm vực','Khai báo tĩnh của thuộc tính','Khai báo đối tượng không thể sửa đổi'),(23,'3 lớp cha','4 lớp cha','2 lớp cha','1 lớp cha'),(24,'Không khác gì nhau','Phương thức trong abstract class là ảo hoặc không, còn interface là ảo','interface thì có thể có phương thức private, còn abstract class thì không ','interface có thể extends một abstract class, còn abstract class không thể'),(25,'độc lập với interface','viết lại một số phương thức của interface','viết lại toàn bộ các phương thức của interface','viết lại constructor của interface'),(26,'không viết lại phương thức nào','Chỉ 1 phương thức là đủ','Việc viết lại do lớp con quyết định. Tùy vào lớp con','Cả 3 đều sai'),(27,'class có method, còn struct thì không','class có các access modifer, struct không có','A và B sai','A và B đúng'),(28,'new','create','start','begin'),(29,'Tính ảo hóa, thừa kế, đa hình, trừu tượng','Tính ảo hóa, đóng gói, thừa kế, đa hình','Tính thừa kế, ảo hóa, bất biến, đa hình','Tính bất biến, trừu tượng, ảo hóa, đóng gói'),(30,'Tính đóng gói','Tính ảo hóa','Tính thừa kế','Tính đa hình'),(31,'new','override','extends','super'),(32,'public abstract void hello()','public virtual void hello()','cả A và B đúng ','cả A và B sai'),(33,'A:B','A extends B','A override B','Cả 3 đều sai'),(34,'public abstract void hello()','public static int hello()','private abstract void hello()','A:B,C'),(35,'1 class con','2 class con','3 class con','Cả 3 đều sai'),(36,'public ','protected','private','default'),(37,'public void hello();','void hello(int x);','int hello(int x);','private static void hello();'),(38,'Overload method là 2 phương thức cùng tên, khác tham số. Còn Override method là cùng tên và cùng tham số','Overide method là 2 phương thức cùng tên, khác tham số. Còn Overloadmethod là cùng tên và cùng tham số','cả A và B đúng ','cả A và B sai'),(39,'Dùng để khởi tạo quyền truy cập cho phương thức (hoặc class)','Dùng để định nghĩa hàm khởi tạo cho phương thức (hoặc class)','dùng để khai báo phương thức tĩnh (hoặc class tĩnh)','Dùng để định nghĩa loại phương thức (hay loại class)'),(40,'phương thức đó thuộc về class, không thuộc về đối tượng','gọi phương thức trực tiếp bằng tên class','các biến trong đó sẽ là static','Cả 3 đều đúng'),(41,'Một ngôn ngữ siêu văn bản','HyperText Markup Language','Là ngôn ngữ xương sống của website','Cả 3 đều đúng'),(42,'Javascript','XML','JSON','Java'),(43,'form','strong','div','body'),(44,'Định nghĩa các sự kiện trong website','Nếu không có CSS thì website không thể chạy đc','tạo ra các giao diện đẹp đẽ cho website','Cả 3 đều đúng'),(45,'Web tĩnh người dùng không có các sự kiện người dùng. Web động có các sự kiện người dùng','Web tĩnh dữ liệu được ghi thẳng lên file html. Còn web động dữ liệu được ghi lên file css','Web tĩnh dùng để hiện thị thông tin thông dạng chữ. Web động có thêm dạng hình ảnh hoặc các video','Web tĩnh chỉ sử dụng html, css javascript. Web động ngoài các thành phần kể trên còn cả ngôn ngữ server side'),(46,'Sử dụng thẻ style','Cả A và C đúng','Sử dụng thẻ link và kết nối với file css ngoài','Cả A và C sai'),(47,'Không khác gì nhau','margin căn lề giữa các đối tượng khác nhau. Còn padding căn lề giữa các đối tượng cùng kiểu','margin dùng cho việc căn lề giữa thẻ <div> với các thẻ nằm ngoài nó. Padding dùng cho việc căn lề của thẻ div với các thẻ nằm trong nó','B và C đúng'),(48,'Làm xương sống cho các website','Dùng cho việc hiển thị các control trong website','Giúp cho website nhanh hơn','Dùng để tạo các hiệu ứng, sự kiện trong website'),(49,'cặp thẻ script','cặp thẻ javascript','cặp thẻ java','Không câu nào đúng'),(50,'1','2','3','4'),(51,'C#','Javascript','Java','Typescript'),(52,'<$ $>','<% %>','<%= >','<* >'),(53,'Client-side','Server side','Cả 2 đều đúng','Cả 2 đều sai'),(54,'Chúng giống nhau','JSP là ngôn ngữ client-side, còn java servlet là ngôn ngữ server-side','JSP viết bằng ngôn ngữ java script, còn java servlet viết bằng java','JSP giúp ta viết code java trong html file, còn servlet thì viết code html trong java'),(55,'<%= %>','<% %>','<%! %>','<%& %>'),(56,'Là bộ thư viện của java cung cấp các chức năng hỗ trợ cho việc tải trang web nhanh chóng','Là bộ thư viện của java hỗ trợ cho việc lập trình trên các thiết bị di động','bộ thư viện của java tạo nên ứng dụng máy chủ web (server-side), có tác dụng như lớp trung gian tương tác với database','Cả 3 đều đúng'),(57,'post và get','post và put','get và put','cả 3 đều sai'),(58,'Không khác gì cả','Hỗ trợ cho việc quản lí cookie và session','Tất cả đều sai','Truy cập biến một cách nhanh chóng và dễ dàng'),(59,' jsp:import','jsp:link','jsp:include','jsp:forward'),(60,'Javascript service page','java server page','javascript server page','Không câu nào đúng'),(61,'Peer - to - Peer','Remote Access','Terminal - Mainframe','Client - Server'),(62,' Cấp địa chỉ cho các\n máy trạm',' Phân giải tên và địa chỉ',' Truyền file và dữ liệu',' Gửi thư điện tử'),(63,'Hub','NIC','Switch','Transceiver'),(64,'Windows 98','Windows 2003\n Professional','Windows 2003 Server',' Windows XP'),(65,'Gửi thư điện tử',' Nhận thư điện tử',' Phân giải tên và địa chỉ',' Cấp địa chỉ cho máy trạm'),(66,' Dùng cho mạng \nnhỏ cấu trúc đơn giản',' Nhà quản trị chỉ việc cấu hình giao thức định tuyến cho Router',' Nhà quản trị phải cấu hình từng dòng lệnh cho các mạng đích cần thiết',' Router có thể giúp lựa chọn đường đi ngắn nhất trên mạng'),(67,' Repeater',' Modem','Router','NIC'),(68,'Tầng Vật lý','Tầng Data Link',' Tầng Transport',' Tầng Network'),(69,'Ethernet bus','Bus','Token Ring','Token bus'),(70,' Cáp chéo\n (Cross - Cable)',' Rollover Cable','Cáp thẳng \n( Straight Cable)',' Không có loại nào'),(71,'Data, Packet, \nSegment, Bit, Frame','Data , Packet, Segment, Frame, Bit','Data, Segment, Packet, Frame, Bit','Data, Segment, Frame, packet, Bit'),(72,'Cung cấp các\n phương tiện điện, cơ','Cung cấp chức năng và thủ tục','Kích hoạt, duy trì và đình chỉ liên kết vật lý giữa các hệ thống','Cả a, b và c'),(73,'Data link','Transport','Network','Session'),(74,'Token Ring','Ethernet','ArcNet','FDDI'),(75,'Source address','Destination address','Source and Destination addresses','Không chứa địa chỉ nào cả'),(76,'Switch/Hub','Router','Repeater','NIC'),(77,'TCP/IP','NETBIOS','IPX','Tất cả các câu trên'),(78,'Segment','Frame','Packet','PSU'),(79,'Encryption','Physical Protection',' Firewall','Login/ password'),(80,'FTP',' Email','Telnet','WWW'),(81,'IP Address','Subnet Mask','DNS Server','Default Gateway'),(82,'255.255.224.0','255.255.255.192 (vì: 110000002  = 192)','255.255.255.240','255.255.255.128'),(83,'32','48','64','128'),(84,'Địa chỉ lớp 3 được \nRouter xử lý cho việc định tuyến','Địa chỉ lớp 4 được gắn\n với cổng dịch vụ','Có thể thay đổi bằng\n TCP/IP Properties của\n Windows','Địa chỉ lớp 2 được gắn cứng vào Card mạng'),(85,'SMTP: TCP Port 21','Telnet: UDP Port 23','HTTP: TCP Port 80','TFTP: TCP Port 69'),(86,'ARP','DHCP','RARP','ICMP'),(87,'Switch','Hub','NIC','Router'),(88,'POTS','DNS','HTTP','FTP'),(89,'Ethernet','TCP/IP','OSI','IEEE'),(90,'Tối đa 100Mbps khi chỉ \ncó một máy tính cắm vào Hub','Tối đa 100Mbps khi có 12 máy tính cắm vào Hub','Tối thiểu 8.3Mbps khi có 12 máy tính cắm vào Hub','Tối thiểu 100Mbps khi chỉ có một máy tính cắm vào Hub'),(91,'Lớp 1','Lớp 2','Lớp 3','Lớp 4'),(92,'192.168.25.255','192.168.25.141','192.168.25.180','192.168.25.143 '),(93,'2','6','16 hoặc 14','30'),(94,'Hub','Bridge',' Ethernet switch','Router'),(95,'111.111.111.111','255.255.255.255','AAAA.AAAA.AAAA','FFFF.FFFF.FFFF '),(96,'Source MAC address','Destination MAC address','Network address','Subnetwork address'),(97,'255.255.224.0','255.255.255.1','255.255.255.248 ','255.255.255.128'),(98,'FDDI','Network address',' Router address','Host address'),(99,'255.255.224.0','255.255.192.0','255.255.248.0','255.255.255.248 '),(100,'  192.168.1.3   và\n   192.168.100.1','192.168.15.1   và  192.168.15.254',' 192.168.100.15   và   192.186.100.16','  172.25.11.1   và  172.26.11.2'),(101,'0.255.255.255','0.0.0.255','255.0.0.255','255.255.255.0');
/*!40000 ALTER TABLE `chitietcauhoi` ENABLE KEYS */;
UNLOCK TABLES;

--
-- Table structure for table `dethi`
--

DROP TABLE IF EXISTS `dethi`;
/*!40101 SET @saved_cs_client     = @@character_set_client */;
/*!40101 SET character_set_client = utf8 */;
CREATE TABLE `dethi` (
  `idDeThi` int(11) NOT NULL,
  `ThoiLuong` varchar(45) DEFAULT NULL,
  `SoCauHoi` int(11) DEFAULT NULL,
  `NgayMoDeThi` date DEFAULT NULL,
  `GioMoDeThi` time DEFAULT NULL,
  `MaMonHoc` int(11) DEFAULT NULL,
  `status` int(11) DEFAULT '0',
  PRIMARY KEY (`idDeThi`)
) ENGINE=InnoDB DEFAULT CHARSET=utf8;
/*!40101 SET character_set_client = @saved_cs_client */;

--
-- Dumping data for table `dethi`
--

LOCK TABLES `dethi` WRITE;
/*!40000 ALTER TABLE `dethi` DISABLE KEYS */;
INSERT INTO `dethi` VALUES (1,'600',15,NULL,NULL,1,0),(2,'5400',38,NULL,NULL,4,0),(3,'600',37,NULL,NULL,4,0);
/*!40000 ALTER TABLE `dethi` ENABLE KEYS */;
UNLOCK TABLES;

--
-- Table structure for table `dethi_cauhoi`
--

DROP TABLE IF EXISTS `dethi_cauhoi`;
/*!40101 SET @saved_cs_client     = @@character_set_client */;
/*!40101 SET character_set_client = utf8 */;
CREATE TABLE `dethi_cauhoi` (
  `MaDeThi` int(11) NOT NULL,
  `MaCauHoi` int(11) NOT NULL,
  PRIMARY KEY (`MaDeThi`,`MaCauHoi`),
  KEY `Fok_dethicauhoi_cauhoi` (`MaCauHoi`),
  CONSTRAINT `Fok_dethicauhoi_cauhoi` FOREIGN KEY (`MaCauHoi`) REFERENCES `cauhoi` (`idCauHoi`) ON DELETE NO ACTION ON UPDATE NO ACTION,
  CONSTRAINT `Fok_dethicauhoi_dethi` FOREIGN KEY (`MaDeThi`) REFERENCES `dethi` (`idDeThi`) ON DELETE NO ACTION ON UPDATE NO ACTION
) ENGINE=InnoDB DEFAULT CHARSET=utf8;
/*!40101 SET character_set_client = @saved_cs_client */;

--
-- Dumping data for table `dethi_cauhoi`
--

LOCK TABLES `dethi_cauhoi` WRITE;
/*!40000 ALTER TABLE `dethi_cauhoi` DISABLE KEYS */;
INSERT INTO `dethi_cauhoi` VALUES (1,1),(1,2),(1,3),(1,4),(1,5),(1,6),(1,7),(1,8),(1,9),(1,11),(1,12),(1,13),(1,14),(1,16),(1,17),(2,61),(3,61),(2,62),(3,62),(2,63),(3,63),(2,64),(3,64),(2,65),(3,65),(2,66),(3,66),(2,67),(3,67),(2,68),(3,68),(2,69),(3,69),(2,70),(3,70),(2,71),(3,71),(2,72),(3,72),(2,73),(3,73),(2,74),(3,74),(2,75),(3,75),(2,76),(3,76),(2,77),(3,77),(2,78),(3,78),(2,79),(3,79),(2,81),(3,81),(2,82),(3,82),(2,83),(3,83),(2,84),(3,84),(2,85),(3,85),(2,86),(3,86),(2,87),(3,87),(2,88),(3,88),(2,89),(3,89),(2,90),(2,91),(3,91),(2,92),(3,92),(2,93),(3,93),(2,94),(3,94),(3,95),(2,96),(3,96),(2,97),(3,97),(2,98),(3,98),(3,99),(2,100),(2,101);
/*!40000 ALTER TABLE `dethi_cauhoi` ENABLE KEYS */;
UNLOCK TABLES;

--
-- Table structure for table `monhoc`
--

DROP TABLE IF EXISTS `monhoc`;
/*!40101 SET @saved_cs_client     = @@character_set_client */;
/*!40101 SET character_set_client = utf8 */;
CREATE TABLE `monhoc` (
  `idMonHoc` int(11) NOT NULL,
  `TenMonHoc` varchar(45) DEFAULT NULL,
  PRIMARY KEY (`idMonHoc`)
) ENGINE=InnoDB DEFAULT CHARSET=utf8;
/*!40101 SET character_set_client = @saved_cs_client */;

--
-- Dumping data for table `monhoc`
--

LOCK TABLES `monhoc` WRITE;
/*!40000 ALTER TABLE `monhoc` DISABLE KEYS */;
INSERT INTO `monhoc` VALUES (1,'Cấu trúc dữ liệu'),(2,'Lập trình hướng đối tượng'),(3,'Lập trình web'),(4,'Mạng máy tính căn bản');
/*!40000 ALTER TABLE `monhoc` ENABLE KEYS */;
UNLOCK TABLES;

--
-- Table structure for table `noidung`
--

DROP TABLE IF EXISTS `noidung`;
/*!40101 SET @saved_cs_client     = @@character_set_client */;
/*!40101 SET character_set_client = utf8 */;
CREATE TABLE `noidung` (
  `idNoiDung` int(11) NOT NULL,
  `idMonHoc` int(11) DEFAULT NULL,
  `TenNoiDung` varchar(45) DEFAULT NULL,
  PRIMARY KEY (`idNoiDung`),
  KEY `Fok_noidung_monhoc` (`idMonHoc`),
  CONSTRAINT `Fok_noidung_monhoc` FOREIGN KEY (`idMonHoc`) REFERENCES `monhoc` (`idMonHoc`) ON DELETE NO ACTION ON UPDATE NO ACTION
) ENGINE=InnoDB DEFAULT CHARSET=utf8;
/*!40101 SET character_set_client = @saved_cs_client */;

--
-- Dumping data for table `noidung`
--

LOCK TABLES `noidung` WRITE;
/*!40000 ALTER TABLE `noidung` DISABLE KEYS */;
INSERT INTO `noidung` VALUES (1,1,'Các thuật toán sắp xếp'),(2,1,'Cây nhị phân'),(3,2,'Cơ bản hướng đối tượng'),(4,2,'Hướng đối tượng trong C#'),(5,3,'HTML và CSS'),(6,3,'Lập trình với JSP'),(7,4,'Phân loại và kiểu mạng'),(8,4,'Cách cấu hình mạng');
/*!40000 ALTER TABLE `noidung` ENABLE KEYS */;
UNLOCK TABLES;

--
-- Table structure for table `quyen`
--

DROP TABLE IF EXISTS `quyen`;
/*!40101 SET @saved_cs_client     = @@character_set_client */;
/*!40101 SET character_set_client = utf8 */;
CREATE TABLE `quyen` (
  `idQuyen` int(11) NOT NULL,
  `TenQuyen` varchar(45) DEFAULT NULL,
  PRIMARY KEY (`idQuyen`)
) ENGINE=InnoDB DEFAULT CHARSET=utf8;
/*!40101 SET character_set_client = @saved_cs_client */;

--
-- Dumping data for table `quyen`
--

LOCK TABLES `quyen` WRITE;
/*!40000 ALTER TABLE `quyen` DISABLE KEYS */;
INSERT INTO `quyen` VALUES (1,'admin'),(2,'sinh viên'),(3,'người ra đề thi'),(4,'quản trị kỳ thi'),(5,'quản trị ngân hàng đề thi');
/*!40000 ALTER TABLE `quyen` ENABLE KEYS */;
UNLOCK TABLES;

--
-- Table structure for table `temporary`
--

DROP TABLE IF EXISTS `temporary`;
/*!40101 SET @saved_cs_client     = @@character_set_client */;
/*!40101 SET character_set_client = utf8 */;
CREATE TABLE `temporary` (
  `idUser` varchar(10) NOT NULL,
  `idExam` int(11) NOT NULL,
  `timeRe` varchar(10) DEFAULT NULL,
  `idQuizz` int(11) NOT NULL,
  `yourAns` varchar(5) DEFAULT NULL,
  PRIMARY KEY (`idUser`,`idExam`,`idQuizz`),
  KEY `fok_idx` (`idQuizz`),
  CONSTRAINT `fok` FOREIGN KEY (`idQuizz`) REFERENCES `cauhoi` (`idCauHoi`) ON DELETE NO ACTION ON UPDATE NO ACTION
) ENGINE=InnoDB DEFAULT CHARSET=latin1;
/*!40101 SET character_set_client = @saved_cs_client */;

--
-- Dumping data for table `temporary`
--

LOCK TABLES `temporary` WRITE;
/*!40000 ALTER TABLE `temporary` DISABLE KEYS */;
INSERT INTO `temporary` VALUES ('sv9',2,'837',1,'B'),('sv9',2,'837',2,'D'),('sv9',2,'837',3,'B'),('sv9',2,'837',4,'D'),('sv9',2,'837',5,'D'),('sv9',2,'837',6,'B'),('sv9',2,'837',7,'D'),('sv9',2,'837',8,'B'),('sv9',2,'837',9,'B');
/*!40000 ALTER TABLE `temporary` ENABLE KEYS */;
UNLOCK TABLES;

--
-- Table structure for table `user`
--

DROP TABLE IF EXISTS `user`;
/*!40101 SET @saved_cs_client     = @@character_set_client */;
/*!40101 SET character_set_client = utf8 */;
CREATE TABLE `user` (
  `id` varchar(10) NOT NULL,
  `HoTen` varchar(45) DEFAULT NULL,
  `NgaySinh` date DEFAULT NULL,
  `GioiTinh` varchar(10) DEFAULT NULL,
  `DiaChi` varchar(1024) DEFAULT NULL,
  `SDT` varchar(16) DEFAULT NULL,
  `Password` text,
  `quyen` int(11) NOT NULL,
  `lop` varchar(45) DEFAULT 'undefine',
  PRIMARY KEY (`id`),
  KEY `Fok_quyen` (`quyen`),
  CONSTRAINT `Fok_quyen` FOREIGN KEY (`quyen`) REFERENCES `quyen` (`idQuyen`) ON DELETE NO ACTION ON UPDATE NO ACTION
) ENGINE=InnoDB DEFAULT CHARSET=utf8;
/*!40101 SET character_set_client = @saved_cs_client */;

--
-- Dumping data for table `user`
--

LOCK TABLES `user` WRITE;
/*!40000 ALTER TABLE `user` DISABLE KEYS */;
INSERT INTO `user` VALUES ('1034','Đặng Phương Anh','1990-02-05','Nam','786 Âu Cơ, P. 14','1688883627','$2a$10$3znrbPM/WLnTIyYmRWEjVeyGc761tgyab3FK9w37XCqWwlukla0I2',3,'undefine'),('1088','Nguyễn Minh Đức','1990-02-05','Nam','39 Bạch Đằng, Phường 2 Quận Tân Bình, TP Hồ Chí Minh','918122588','$2a$10$0jV9oxMqE6EHVT7qzMGnCuy/Mtx0LDv37uYtr39ArEAjdau1teru2',2,'class2'),('1211','Lê Thị Giang','1990-02-05','Nữ','40 Bạch Đằng, Phường 2 Quận Tân Bình, TP Hồ Chí Minh','918660420','$2a$10$Qk3CWY3BMr/W/danlhs8PuNDSZL9UV4CbQCCnSGDhUMHRQkTvML1G',2,'class2'),('12149','Bùi Thị Muôn','1990-02-05','Nữ',' 94 Cách mạng tháng 8, phường Bến Thành, quận I, TP. Hồ Chí Minh','907000350','$2a$10$.amvyjArFjsLeeHLQg9bP.1Nd2.ZrdbQnhlJhGyOKmuz2aZKSFeNC',2,'class4'),('12172','Trịnh Văn Thuận','1990-02-05','Nam',' 22 Cửu Long, phường 2, quận Tân Bình, Tp. Hồ Chí Minh ','973753259','$2a$10$kdH6kLxgtWNtguRlhw2sYeRfezuGRQ8Njhs8ciaUZcTlk93TdKDQa',2,'class7'),('1223','Nguyễn Lâm Hồng','1990-02-05','Nữ',' 04 Út Tịch, Phường 04, Quận Tân Bình, Thành phố Hồ Chí Minh','907000350','$2a$10$Oq/TBdZ9JkL718ufZTmsH.A894DGHCwDSaPHRTl0pDopzK3gNqKI6',4,'undefine'),('12234','Bạch Huỳnh Như','1990-02-05','Nam','29 Thăng Long, Phường 4, Quận Tân Bình, TP Hồ Chí Minh ','925048498','$2a$10$bP6yf0/6IaSwj4u0395BAu4ScfG0abTXlJBz3h1jDkAR65YioKE8W',2,'class8'),('12575','Bùi Mạnh Khởi','1990-02-05','Nam','193 Pasteur, quận 3, Tp. Hồ Chí Minh ','948881449','$2a$10$F5paOOm6VJ9B1X229oev2e/JDYXQClZ8bOVCUji7Ph/cOPGSLj186',2,'class7'),('12655','Trịnh Văn Cử','1990-02-05','Nam','30 Thăng Long, Phường 4, Quận Tân Bình, TP Hồ Chí Minh ','925048498','$2a$10$Zgpr9ytS0F4WD36r50zuzOtTxBdIdI7bGkTOeL/SoqTcf2FbF6dUq',2,'class8'),('1350','Lê Ngọc Hùng Hiệp','1990-02-05','Nam',' 280 đường D2, Phường 25 quận Bình Thạnh, Thành phố HCM','1295779916','$2a$10$V3cAQKzkm3RsQ6D09iOwu.uFfOsDZdYP45rdhEOKBDuy5/89lS1te',2,'class2'),('1426','Nguyễn Văn Hải','1990-02-05','Nam',' 279 đường D2, Phường 25 quận Bình Thạnh, Thành phố HCM','963939994','$2a$10$PZ4dgMk87ZVzGQKNZv7JM.gcO7jerdFVA5nt8xit91BGxYAuTfJBS',2,'class2'),('1481','Nguyễn Tiến Hiếu','1990-02-05','Nam',' 281 đường D2, Phường 25 quận Bình Thạnh, Thành phố HCM','1693535884','$2a$10$TgajdYEkQz8QFBzNbosXfeYz6BOykBVRty6ya8oGhE4qEX/fm2ZNu',2,'class2'),('1482','Nguyễn Thị Thu Hoài','1990-02-05','Nữ',' 282 đường D2, Phường 25 quận Bình Thạnh, Thành phố HCM','919444383','$2a$10$SlsvesFhR1cs0LhZtudJb.bdA4u9Zp19qPzLwE5XSyyJxC.YzrN3a',2,'class2'),('1507','Nguyễn Thu Hoài','1990-02-05','Nam',' 283 đường D2, Phường 25 quận Bình Thạnh, Thành phố HCM','1697277498','$2a$10$Ec9Rhf4vmumF3LQEyPWIbuNWR3BoOfTtflwATBacPI8pR/.dFX5Ya',2,'class1'),('1559','Đặng Tuấn Hoàng','1990-02-05','Nam',' 284 đường D2, Phường 25 quận Bình Thạnh, Thành phố HCM','986716397','$2a$10$lUbAPV3GpD36k8aYTOnS1u9DitAMhV9AIXuL9AOLnonpgLzyipeRW',2,'class1'),('1609','Phạm Văn Hoàng','1990-02-05','Nam',' 285 đường D2, Phường 25 quận Bình Thạnh, Thành phố HCM','837271516','$2a$10$LCILBit5U6dfwaIv2NJW4OKYORd0bLkZiOCtSDx2QlpfTgpYkFLUi',2,'class1'),('16338','Nguyễn Ngọc Mai','1990-02-05','Nữ','181 Ban Kỳ Khởi nghĩa, Phường 6, Quận 3, Thành phố HCM ','907000350','$2a$10$CDGn1ROsT2WmcXKnQuVQ0OvJD1JZSiMOPaxUjbHzfjylKj.XcbXqK',2,'class6'),('16438','Mai Minh Tuấn','1990-02-05','Nam','786 Lê Hồng Phong, phường 12, quận 10, Tp. Hồ Chí Minh ','907000350','$2a$10$Z5QzGBPwQr5Qc1LAC9smu.tBVYrmTP1gquurWoTTYa9mKvUyvoEfe',2,'class6'),('16563','Võ Văn Một','1990-02-05','Nam','182 Ban Kỳ Khởi nghĩa, Phường 6, Quận 3, Thành phố HCM ','948881449','$2a$10$9TLrd5Lgyn1qTVqXm4dEWOSlzrfs2gBwbkmVEIG51UlHr.ajbwAFe',2,'class6'),('165636','Nguyễn Thanh Dân','1990-02-05','Nam','191 Pasteur, quận 3, Tp. Hồ Chí Minh ','948881449','$2a$10$vv/H14T2BpsSCf4AHXTeTunJks4UkkWwVKjTFt2ichA3iqE0Qy./y',2,'class7'),('16825','Hoàng Văn Hùng','1990-02-05','Nam','45 Lê Thánh Tôn, phường Bến Nghé, quận 1, Tp. Hồ Chí Minh ','925048498','$2a$10$NRGiittL08w4TJ2eYcFlFOW2/X57GMZVi52dzkw4SqcxEwg8UVx9G',2,'class8'),('18349','Vỏ Văn Kha','1990-02-05','Nam',' 89 Cách mạng tháng 8, phường Bến Thành, quận I, TP. Hồ Chí Minh','907000350','$2a$10$aISxgQzKkJUAvbKYKov00uJy.njEWZPqAX0JTP35zU/lw6m5kF.jC',2,'class4'),('1850','Trần Đức Học','1990-02-05','Nam',' 286 đường D2, Phường 25 quận Bình Thạnh, Thành phố HCM','913133894','$2a$10$dGbPfmugS11crsq/ONh9lOchgFWGC1nmhc6H2vZeFt3.lj5815WWa',2,'class1'),('1903','Trần Thị Thúy Hường','1990-02-05','Nam','50D Bùi Thị Xuân, phường Bến Thành, Quận 1, TP Hồ Chí Minh ','907094345','$2a$10$rHSII6MTj72Gp8EmiZgRKuaSlGbBjp8Lo/RSGQL4keMqQz8Oddbl6',2,'class1'),('1919','Lê Văn Hưng','1990-02-05','Nam','50D Bùi Thị Xuân, phường Bến Thành, Quận 1, TP Hồ Chí Minh ','1677303904','$2a$10$4NtkIBknri1UBbZ.kyMTgOO.Fg5h/DCYXPsRTWUxUlPkRQE5cPTfa',2,'class1'),('1931','Bùi Thị Ngọc Hường','1990-02-05','Nữ','50D Bùi Thị Xuân, phường Bến Thành, Quận 1, TP Hồ Chí Minh ','916438487','$2a$10$tQmVju4ZZBQRrvNYte72FeScGdl36sGEEAgalEkRzPmDWEz68Z.dG',2,'class1'),('19522','Phan Cẩm Thi','1990-02-05','Nữ',' 93 Cách mạng tháng 8, phường Bến Thành, quận I, TP. Hồ Chí Minh','907000350','$2a$10$EfvuTwA/glevbiqKIQ4o1.iYeeaB.GuVvh/4qIs.zzwC8UQyv5lge',2,'class4'),('2051','Dương Đình Kiệt','1990-02-05','Nam','106 A Cư xá Nguyễn Văn Trỗi, phường 17, quận Phú Nhuận, Tp. Hồ Chí Minh ','917326426','$2a$10$uPrMyRVTkyXanEa.PnGrJ.5jqVvi8i.dHoc0uttLwgeRqF2WbkqdO',2,'class1'),('20655','Bùi Văn Thanh','1990-02-05','Nam','313 đường Hoàng Diệu, phường 6, quận 4, Tp. Hồ Chí Minh ','907000350','$2a$10$GNOEFmYaAulyaNL5Jle12O5AhRwLwmk88mn3DmjTu1Mhw2mwdd4sO',2,'class4'),('2089','Nguyễn Thị Hương','1990-02-05','Nam','50D Bùi Thị Xuân, phường Bến Thành, Quận 1, TP Hồ Chí Minh ','925048498','$2a$10$Wt1sO7kmEqHdNo4bzByd/OnGmh9Rtul0vcF6Aft1ak5SMR5ZsAUjW',2,'class1'),('2147','Nguyễn Đạt Trí Khang','1990-02-05','Nam','108 A Cư xá Nguyễn Văn Trỗi, phường 17, quận Phú Nhuận, Tp. Hồ Chí Minh ','1656364757','$2a$10$F3QEttiCxqWm97Ye6NbJT.gIW7vZ7jQ87Y3HMBICNksWSufvtt9Va',2,'class1'),('2187','Nguyễn Vân Lập','1990-02-05','Nam','109 A Cư xá Nguyễn Văn Trỗi, phường 17, quận Phú Nhuận, Tp. Hồ Chí Minh ','903918485','$2a$10$t2vd17zAJUknkM0WGJFAT.awUUT97rgcJ6c24o5kJfIJilI4kpqXi',2,'class1'),('22588','Nguyễn Văn Diệu','1990-02-05','Nam','37 Đường 22 Khu phố 2, Phường Bình An, Quận 2, Tp Hồ Chí Minh ','988992518','$2a$10$G4.ZUWH54z.GJOi00LMIY.FIH2hgF9U3xf1WMalryyYFDPG9Zzbe.',2,'class5'),('2259','Hoàng Văn Kiên','1990-02-05','Nam','107 A Cư xá Nguyễn Văn Trỗi, phường 17, quận Phú Nhuận, Tp. Hồ Chí Minh ','1633871544','$2a$10$ifSMqgNPZPDj5SY228.McOB9g2l9w1ICqD7NadHkN5fwLz6DSDTUW',2,'class1'),('2313','Đặng Tuấn Tú','1990-02-05','Nam','123 Nguyễn tất thành','988992518','$2a$10$Hqk1fUqeYbJhaQ71K2a/y.EO7eRnTowmsP/oiQxJ0ihHBv0Xv7k.W',3,'undefine'),('2418','Mai Thị Linh','1990-02-05','Nữ','110 A Cư xá Nguyễn Văn Trỗi, phường 17, quận Phú Nhuận, Tp. Hồ Chí Minh ','939849458','$2a$10$AKHDRzGhNrVrFuiX.tNCsucu6rg.4zFz.OSCzeRt0.ng4AMsrSZvW',2,'class1'),('2460','Tống Thị Mến','1990-02-05','Nữ',' 25 Pasteur, phường Nguyễn Thái Bình, quận 1, Tp. Hồ Chí Minh ','1656364757','$2a$10$RsZVR7JQ6oWvKjFPKwKdg.ZxphGu.WNr4VBtggTSHG4i/SWCc38Re',2,'class1'),('2487','Nguyễn Đức Minh','1990-02-05','Nam',' 26 Pasteur, phường Nguyễn Thái Bình, quận 1, Tp. Hồ Chí Minh ','918035895','$2a$10$wtyLH5uiaYB0ScFR.7II5.2YLdejuwDA.Q.DDYFN0edZI/DngqST6',2,'class1'),('25898','Phạm Quang Trường','1990-02-05','Nam',' 90 Cách mạng tháng 8, phường Bến Thành, quận I, TP. Hồ Chí Minh','907000350','$2a$10$Z26WyMCEMcLIuiSt3aK5tOhL/4Y6Tjzo2PKcg.eNXX8aIkggvLODG',2,'class4'),('2600','Phan Thị Nhật Minh','1990-02-05','Nam',' 27 Pasteur, phường Nguyễn Thái Bình, quận 1, Tp. Hồ Chí Minh ','1257542074','$2a$10$R27tx2BWV8qbQ0PyKK/YXOlui2lqxXoGRbe6KK8eodRpi2BKxm8cW',2,'class1'),('2785','Phan Hoàng Nam','1990-02-05','Nam',' 29 Pasteur, phường Nguyễn Thái Bình, quận 1, Tp. Hồ Chí Minh ','948881449','$2a$10$5toYZDX4A1XtwoV/bRqA.OKwwpEhyNLUHdx1Gqu3J.wIvbzkgw072',2,'class3'),('3083','Phạm Nhật Nam','1990-02-05','Nam',' 28 Pasteur, phường Nguyễn Thái Bình, quận 1, Tp. Hồ Chí Minh ','942600799','$2a$10$w11sUjp07.JHuPDRD8OFxed4osyNXlTibyGSH7mvMUHoyHOu1E97u',2,'class1'),('3122','Nguyễn Thị Nhung','1990-02-05','Nữ',' 01 phổ quang, phường 2, quận Tân Bình, Tp. Hồ Chí Minh ','6503820328','$2a$10$O/vRrCgtoQ4IFz1ggKxts.DpP.K6iqrLJOA06xTVGoIl3StvG1Zmi',2,'class3'),('31331','Nguyễn Thị Pha','1990-02-05','Nam','784 Lê Hồng Phong, phường 12, quận 10, Tp. Hồ Chí Minh ','945213369','$2a$10$e6/88/QCxkrYKsU7Orx0B.pnW7t15K9lwNG7rwg4qNgDrwpH/id3K',2,'class6'),('3206','Lê Thị Quỳnh','1990-02-05','Nam',' 2 phổ quang, phường 2, quận Tân Bình, Tp. Hồ Chí Minh ','1217221021','$2a$10$Co.hvBjTzPxL7yKPJVmXK.GLo5DGV3Tl8WJMOKMI7SIrah04z./SC',2,'class3'),('3344','Phạm Anh Tuấn','1990-02-05','Nam','2-4-6 Đồng Khởi, Bến Nghé, quận I, Tp. Hồ Chí Minh ','1223444945','$2a$10$Wcwj4zhUH9YEssaNYXd7UupsNr2jB0FnqSJedm7S5ZNvqbuVV7x82',2,'class3'),('3350','Hoàng Văn Thái','1990-02-05','Nam',' 36 Nguyễn Trường Tộ, phường 12, quận 4, Tp. Hồ Chí Minh ','1265558169','$2a$10$WDyUxSGGiWradOtNV/t8cumJONf9GzWOYtkMj1i0bNjHp5FqZKLF6',2,'class3'),('3369','Nguyễn Mạnh Thái','1990-02-05','Nam',' 37 Nguyễn Trường Tộ, phường 12, quận 4, Tp. Hồ Chí Minh ','973152724','$2a$10$6CQo6NK9olFaGqIVsW7Bi.9bgvNClBUC0lrv219RTazIL18zsIl7K',2,'class3'),('3701','Chu Minh Thành','1990-02-05','Nam',' 38 Nguyễn Trường Tộ, phường 12, quận 4, Tp. Hồ Chí Minh ','912029889','$2a$10$CDhzntn4Zf6SXbJQygCM/eZxKyHjZCx6BRfy8rkBl1C6oHjy718we',2,'class3'),('3730','Nguyễn Thu Thủy','1990-02-05','Nữ',' 39 Nguyễn Trường Tộ, phường 12, quận 4, Tp. Hồ Chí Minh ','1682562472','$2a$10$QQMw9JzTG6bBlGCuypibLuRfEAOnMsuMgDZRmckC0PbwPY.z3koAO',2,'class3'),('3791','Nguyễn Hoàng Sơn','1990-02-05','Nam',' 3 phổ quang, phường 2, quận Tân Bình, Tp. Hồ Chí Minh ','933029135','$2a$10$VIyRF9mI1C4PxEm9wkubveC9MDDHijI1dtQnyAYd2g5M73kL2.JyK',2,'class3'),('3898','Nguyễn Thị Quỳnh Thương','1990-02-05','Nữ',' 40 Nguyễn Trường Tộ, phường 12, quận 4, Tp. Hồ Chí Minh ','982594154','$2a$10$xkCsqRmi4m.iLgwif9.iB.y9VxNj10QSF2blUNjErba9.zRcIRrzG',2,'class3'),('3928','Trần Thu Trang','1990-02-05','Nữ','205 Nguyễn Xí, phường 26, quận Bình Thạnh, thành phố Hồ Chí Minh ','977446455','$2a$10$ac7TP1LChzOVBVSw/IkyRu0eDBWnQrxiE7TGtMjFjSJIAplgZ34KW',2,'class3'),('3941','Phạm Minh Trí','1990-02-05','Nam','206 Nguyễn Xí, phường 26, quận Bình Thạnh, thành phố Hồ Chí Minh ','939079699','$2a$10$07ZWziaySyC0XhD5QrICR.gXXP/5Vjy23Jo3D7NEIeuEnNop9kiw.',2,'class3'),('39994','Trần Thị Kim Em','1990-02-05','Nữ','39 Đường 22 Khu phố 2, Phường Bình An, Quận 2, Tp Hồ Chí Minh ','988992518','$2a$10$YykVtForTx5eT0Hf93E9e.iHKkCJ97iX3emEx2oTzWtvecR2EA0LG',2,'class5'),('40935','Đỗ Thị Tuyết Loan','1990-02-05','Nữ','301 Huỳnh Tấn Phát, phường Tân Thuận Tây, quận 7, Tp. Hồ Chí Minh ','988992518','$2a$10$SDLCzxZ.DmtCGf27fMc6ReDj.r2zkKwpGEdRLeM6Vo94lG8ACZYIW',2,'class5'),('4135','Nguyễn Anh Tú','1990-02-05','Nữ',' 5 phổ quang, phường 2, quận Tân Bình, Tp. Hồ Chí Minh ','935611126','$2a$10$fghqqVfjAiG1E17BXUnyJuiPEjVcCBv1l00hmXz/tEvw7EyxZqZ5m',2,'class3'),('4315','Nguyễn Đức Trọng','1990-02-05','Nam','207 Nguyễn Xí, phường 26, quận Bình Thạnh, thành phố Hồ Chí Minh ','937711864','$2a$10$kZ.J/6AlUWFQ3uu7hDJhlOBD6dO/ma1WO2oFFiNGQA7TyayYypLc.',2,'class3'),('4425','Lê Anh Văn','1990-02-05','Nam','208 Nguyễn Xí, phường 26, quận Bình Thạnh, thành phố Hồ Chí Minh ','937711864','$2a$10$Eh2UI1VzMmGN6eJJfv.qm.W2U/qhjVv9Tu.DBrdYrXJ2nR70VQ0na',2,'class4'),('4442','Nguyễn Thị Hải Yến','1990-02-05','Nữ','309 đường Hoàng Diệu, phường 6, quận 4, Tp. Hồ Chí Minh ','945213369','$2a$10$X/TqzRhuLjg1IeMuQonYqe51ROyYC9cAMsk2S7MtcuO/NMeNh9SCe',2,'class4'),('44438','Trịnh Thị Lài','1990-02-05','Nữ','42 Đường 22 Khu phố 2, Phường Bình An, Quận 2, Tp Hồ Chí Minh ','945213369','$2a$10$YB6.nMVJJcjavidlnz7oLOCjS8X2wanWlWvbQwIxBAf3eNIy5ctLK',2,'class5'),('4452','Nguyễn Đức Vượng','1990-02-05','Nam','209 Nguyễn Xí, phường 26, quận Bình Thạnh, thành phố Hồ Chí Minh ','945213369','$2a$10$/B0nOX.G7D.OBSBTfHW0M.Aqh90zloVvH0PVEsdgrPh2WNNYm8V1e',2,'class4'),('45565','Hà Văn Huyện','1990-02-05','Nam','299 Huỳnh Tấn Phát, phường Tân Thuận Tây, quận 7, Tp. Hồ Chí Minh ','988992518','$2a$10$l8LYCAb3NGEfTUX8oTJCy.OvfSFhO3Wiah0H09/b50WIl9ADWj3XO',2,'class4'),('48494','Lê Văn Bình','1990-02-05','Nam','302 Huỳnh Tấn Phát, phường Tân Thuận Tây, quận 7, Tp. Hồ Chí Minh ','988992518','$2a$10$ta2GltUnKdUnm.113EOmde5KyOXs2PtTKcDdGxjLgzMVKarRBqm9y',2,'class5'),('5041','Tạ Xuân Tiến','1990-02-05','Nam',' 4 phổ quang, phường 2, quận Tân Bình, Tp. Hồ Chí Minh ','973753259','$2a$10$j3j4go4S8vfxBBM0JW6Z2OAe1vTnP4bC63ZRGCrHjTmnoztRWCtYW',2,'class3'),('53588','Trang Mỹ Loan','1990-02-05','Nữ','41 Đường 22 Khu phố 2, Phường Bình An, Quận 2, Tp Hồ Chí Minh ','945213369','$2a$10$Txevgj//iQDbWunJj13V8u2wKsA9WdmkoJrv0LQI8GqD6.aFhVggy',2,'class5'),('5523','Dương Minh Đức','1990-02-05','Nam','36 Bạch Đằng, Phường 2 Quận Tân Bình, TP Hồ Chí Minh','914409356','$2a$10$IQWnUsdRnmkkrbwbbssVuOKqu.mz5p2T.aUiofE0AwJjpAWRKzpD2',2,'class2'),('5556','Hoàng Xuân Chiến','1990-02-05','Nam',' 7 Út Tịch, Phường 04, Quận Tân Bình, Thành phố Hồ Chí Minh','1689525898','$2a$10$QfDR8EnHOB.HI6sOFoBwFOxU8JUUexxBg3j11t3teucBlc.jkzs2K',5,'undefine'),('5576','Lê Ngọc Danh','1990-02-05','Nam',' 8 Út Tịch, Phường 04, Quận Tân Bình, Thành phố Hồ Chí Minh','907467077','$2a$10$fHSrbiCWAkYveC9pJ6BGqO3uqtIPXgOrBuprjlr3w77n.aH0QXBNq',1,'undefine'),('5610','Nguyễn Đức Du','1990-02-05','Nam',' 9 Út Tịch, Phường 04, Quận Tân Bình, Thành phố Hồ Chí Minh','1235099415','$2a$10$e1QylE1XA6LErPgv6wJsr.RBOhVnW29GsI/tW4AABDEKfx3A6e9XO',2,'class2'),('5647','LêTuấn Duy','1990-02-05','Nam',' 10 Út Tịch, Phường 04, Quận Tân Bình, Thành phố Hồ Chí Minh','906919522','$2a$10$jYpaYnB.DilNehxcEAETv.R/ixQYUNKhlPpTJuVpgIb58c4LzUCRS',2,'class2'),('6350','Dương Thị Minh Châu','1990-02-05','Nữ',' 6 Út Tịch, Phường 04, Quận Tân Bình, Thành phố Hồ Chí Minh','1699118349','$2a$10$Ajx6PEj.U4SKlQKcDjTHp.X6YUHe7zSBSGcO8XjISsdSbjt34NkgW',5,'undefine'),('65038','Lâm Thị Gái','1990-02-05','Nữ',' 21 Cửu Long, phường 2, quận Tân Bình, Tp. Hồ Chí Minh ','973753259','$2a$10$Ri8.NdTTkStsqg1eenreVO6uWQGk73lb230NdXh8K03I2kLoUPQRq',2,'class7'),('66042','Tạ Quốc Thiện','1990-02-05','Nam','38 Đường 22 Khu phố 2, Phường Bình An, Quận 2, Tp Hồ Chí Minh ','988992518','$2a$10$.iBF9lan6pYjjyuylC.eIuhbgH6nY2sJSZCll0eET.5/RLfBvfaU2',2,'class5'),('66160','Trần Văn Cao','1990-02-05','Nam','300 Huỳnh Tấn Phát, phường Tân Thuận Tây, quận 7, Tp. Hồ Chí Minh ','988992518','$2a$10$mwOEZhFNy/6grQCQ.NKE4.A/yFDSw1QZjO.DxuWhxu1Rmy/VYqGtu',2,'class5'),('67077','Huỳnh Minh Nhật','1990-02-05','Nam',' 91 Cách mạng tháng 8, phường Bến Thành, quận I, TP. Hồ Chí Minh','907000350','$2a$10$lNM/ubtYQ8Bq3TOMlyyMhuzuwXbFjqO2ygb86KFnGx5L2d9Mp.ke6',2,'class4'),('70003','Vương Thị Thảo Ly','1990-02-05','Nữ','312 đường Hoàng Diệu, phường 6, quận 4, Tp. Hồ Chí Minh ','907000350','$2a$10$0pLikU68t/I96AsOs2WPveBBVRMmZW3Z78zB7ZLIVz6y0ET9j7hDS',2,'class4'),('71639','Lý Hùng Dũng','1990-02-05','Nam','782 Lê Hồng Phong, phường 12, quận 10, Tp. Hồ Chí Minh ','945213369','$2a$10$iBBoq0PHv7T2Ihu6tsHl9e6nYK3yM0Ghoq.kRcc.XgnT9wAHNh64C',2,'class5'),('727151','Nguyễn Chí Cường','1990-02-05','Nam','783 Lê Hồng Phong, phường 12, quận 10, Tp. Hồ Chí Minh ','945213369','$2a$10$uY1cs8m5hIDSxKFA1Ll7DOjMstixYLVLIvF8UDm3uA9b4PeKNbFru',2,'class6'),('72774','Nguyễn Thị Mỹ','1990-02-05','Nữ','781 Lê Hồng Phong, phường 12, quận 10, Tp. Hồ Chí Minh ','945213369','$2a$10$fli.EY.HALSxTLfnaTaJWuJjfBoc9s67NjL1baQIRMwXwHizBrDqG',2,'class5'),('7326','Phạm Hồng Ánh','1990-02-05','Nam',' 5 Út Tịch, Phường 04, Quận Tân Bình, Thành phố Hồ Chí Minh','989420655','$2a$10$QsfRm1fxCAejsHjNx2rSL.ZzA29/OTGrKqTqh0s0zp.cF52VRzJMO',4,'undefine'),('77303','Mai Văn Sang','1990-02-05','Nam','785 Lê Hồng Phong, phường 12, quận 10, Tp. Hồ Chí Minh ','907000350','$2a$10$CvDFZ3s2PWzq/1s10g7C.eIrzUiuOTY6tZ8Jq/oXqOrmRE20kGCJS',2,'class6'),('77991','Lê Thị Kim Anh','1990-02-05','Nữ','40 Đường 22 Khu phố 2, Phường Bình An, Quận 2, Tp Hồ Chí Minh ','945213369','$2a$10$NzWTBgX4ZXCdnUl5L1ogZ.ZLDcgtMlioR5dFXUuYOkgdBgiFDQx7u',2,'class5'),('8042','Nguyễn Anh Đức','1990-02-05','Nam','38 Bạch Đằng, Phường 2 Quận Tân Bình, TP Hồ Chí Minh','913199757','$2a$10$AEw9kvqeV782QqRZ9neb0.upGCLpye2ED0o3WMDR7VBBCefnCBvQm',2,'class2'),('83627','Lê Văn Nghệ','1990-02-05','Nữ','311 đường Hoàng Diệu, phường 6, quận 4, Tp. Hồ Chí Minh ','1688883627','$2a$10$1P1LzynT7cfF7Px0cVTMR.aJEJaz95oBK6TOiR02vJJCchQ9B/LJO',2,'class4'),('8749','Phan Thị Hải Duyên','1990-02-05','Nữ',' 11 Út Tịch, Phường 04, Quận Tân Bình, Thành phố Hồ Chí Minh','1214907840','$2a$10$es1EyxxZdNDwbl0vl4KJGeyQ9LLDHlmJnL6YbIStSi4VEQzC01b7u',2,'class2'),('8829','Lê Xuân Đức','1990-02-05','Nam','37 Bạch Đằng, Phường 2 Quận Tân Bình, TP Hồ Chí Minh','979748494','$2a$10$WW9TceXJIZsov5ZBg5N0GeLflpU5odIXDDwtJmOQrr.O82kKyrb.K',2,'class2'),('8978','Lê Văn Dương','1990-02-05','Nam',' 12 Út Tịch, Phường 04, Quận Tân Bình, Thành phố Hồ Chí Minh','939945565','$2a$10$ZsoRutYlZuKDK7trpwUnNOXoBrFbUC7uCyKxUikBlW.dVLrLL4nQ6',2,'class2'),('8993','Nguyễn Văn Độ','1990-02-05','Nam',' 13 Út Tịch, Phường 04, Quận Tân Bình, Thành phố Hồ Chí Minh','939166160','$2a$10$vabr/0MXakPNRBDndYglu.TS98k00h.RCUk0vDA3pYLB0ZyK.HuI2',2,'class2'),('90391','Trần Quang Tôn','1990-02-05','Nam','183 Ban Kỳ Khởi nghĩa, Phường 6, Quận 3, Thành phố HCM ','948881449','$2a$10$m6UV1k1Iz6P1/Exu5GxWfu3nQJ7DslnUgYeMxg7X4OlFT49OSG7T.',2,'class6'),('90709','Hồng Hạnh','1990-02-05','Nữ','178 Ban Kỳ Khởi nghĩa, Phường 6, Quận 3, Thành phố HCM ','907000350','$2a$10$hoTPYcF0MoTA/qQRkqt1fOgt.XiEjfNzI.PQYnRNww55CBovkqH4K',2,'class6'),('91202','Huỳnh Văn Đức','1990-02-05','Nam','32 Thăng Long, Phường 4, Quận Tân Bình, TP Hồ Chí Minh ','925048498','$2a$10$1hwtF0ycWIb1k.MP7lhJbOeJN8fD5CXJn/gGabzzaP2B0PEhZEWXa',2,'class8'),('91732','Trần Thanh Hải','1990-02-05','Nam','180 Ban Kỳ Khởi nghĩa, Phường 6, Quận 3, Thành phố HCM ','907000350','$2a$10$gV26ttvgviYYi64U6o7.2uqpj0BkAIenLkIq2QgMvvc4QDikuys8i',2,'class6'),('91803','Huỳnh Bá Quang','1990-02-05','Nam','192 Pasteur, quận 3, Tp. Hồ Chí Minh ','948881449','$2a$10$BFXYXX/5Hg9E28zv4lBQ0OJC2qtSHjHqk7roQfIJlVf2cgrNtMjYy',2,'class7'),('92504','Lê Chí Đệ','1990-02-05','Nam','179 Ban Kỳ Khởi nghĩa, Phường 6, Quận 3, Thành phố HCM ','907000350','$2a$10$gi521Ted/RQMsfF9s2R5OO.YE0w/.Xcrf8o3LCgnuHwCICueUuo7S',2,'class6'),('92518','Nguyễn Ngọc Diễm','1990-02-05','Nữ','310 đường Hoàng Diệu, phường 6, quận 4, Tp. Hồ Chí Minh ','988992518','$2a$10$bhdxFzoDyz5xGVncukO7C.tqIff6e761HvTgqKtBsGzT1nKRTjKzq',2,'class4'),('93302','Bồ Văn Cu','1990-02-05','Nam',' 23 Cửu Long, phường 2, quận Tân Bình, Tp. Hồ Chí Minh ','973753259','$2a$10$HofXqe10.BojIDvtRI.ACucigN9sYKbPHx4O1Ha8qlOvNSiIo5Dg.',2,'class7'),('93984','Nguyễn Ngọc Mai','1990-02-05','Nữ','190 Pasteur, quận 3, Tp. Hồ Chí Minh ','948881449','$2a$10$e98sPXE7cukGmYASSmV1W.DiDzQ4JHV181q2zdjmjdXjQXhv5gxNK',2,'class6'),('93994','Trần Văn Sang','1990-02-05','Nam','298 Huỳnh Tấn Phát, phường Tân Thuận Tây, quận 7, Tp. Hồ Chí Minh ','907000350','$2a$10$tCfqzKyQr7jc1JCo73fig.bpAPf2A8Bz96dU4bqcb4k3vDVmOohIu',2,'class4'),('94260','Chu Hữu Đoan Trang','1990-02-05','Nữ','194 Pasteur, quận 3, Tp. Hồ Chí Minh ','973753259','$2a$10$t55HVCs6PoVTTKj0FqhUHOfWJCubEr59w0Z9BoKENp4YChG.fZecC',2,'class7'),('94888','Trần Thị Châu','1990-02-05','Nữ','195 Pasteur, quận 3, Tp. Hồ Chí Minh ','973753259','$2a$10$e2SkgDZEllQOjclKBljGmOJD0B76xbtOAxel94gi0NX1HW6sId3r6',2,'class7'),('97315','Huỳnh Thị Hồng Nhâm','1990-02-05','Nam','31 Thăng Long, Phường 4, Quận Tân Bình, TP Hồ Chí Minh ','925048498','$2a$10$wYxpM5SBHiFgp0s16SG1d.YOMHkOJDh2zA2dI3aq0hW.HiVLaip1y',2,'class8'),('97375','Nguyễn Ngọc Thanh','1990-02-05','Nam',' 24 Cửu Long, phường 2, quận Tân Bình, Tp. Hồ Chí Minh ','973753259','$2a$10$nXX6jtL/AUfo0TYYoV66X.0zNnDpRbeJrrizT24UOrLqVmrfiWdo2',2,'class7'),('97378','Huỳnh Văn Thiết','1990-02-05','Nam',' 25 Cửu Long, phường 2, quận Tân Bình, Tp. Hồ Chí Minh ','925048498','$2a$10$LJtCm5yM37p1lyyxNvlgMOKY5zxbJree.DVznOGhAHd8/qVo.JXp2',2,'class8'),('98259','Nguyễn Hữu Huy','1990-02-05','Nam','46 Lê Thánh Tôn, phường Bến Nghé, quận 1, Tp. Hồ Chí Minh ','925048498','$2a$10$oHrAFk84BoJexZaAZINmvOTzeWjv9nvb79iu1vLe/MxdtTd103N7e',2,'class8'),('99415','Trần Bình Phước','1990-02-05','Nam',' 92 Cách mạng tháng 8, phường Bến Thành, quận I, TP. Hồ Chí Minh','907000350','$2a$10$qUHAQif9p5d6BRYi7iWVwuqq8P9cPYY7XwJz3zNPPLt.kVMeqZK4S',2,'class4'),('99757','Nguyễn Nhiệm Toàn','1990-02-05','Nam','303 Huỳnh Tấn Phát, phường Tân Thuận Tây, quận 7, Tp. Hồ Chí Minh ','988992518','$2a$10$Vpt4AEhAhqPWw/ZA57VC1un0jEdNaBDtF0GljJl2hjXuGVolK0ghW',2,'class5'),('ad1','Nguyễn Hoàng Nam','1990-10-10','Nam','100 Hoàng Văn Thụ','121015566','$2a$10$J.ju7Nq2yiYEINWlVuJHjuSHOr.p.jZYtumqDpM5Q4xgMWxDgWRBG',1,'undefine'),('ad2','Hoàng Thương Thương Bảo','1990-12-01','Nữ','25 Nguyễn Đình Chiểu','012154554','$2a$10$b4IMEIMrFk5RzNMoqp5oze9X/Hhg9OebqK1L1C3s2OgHQ7HuK3izy',1,'undefine'),('ad4','Văn Hoàng','1990-02-05','Nam','123 Nguyễn tất thành','1362222','$2a$10$zXFDRx1mMrXh061ow5afReq5CQLSxbLK98jbvlaxmtGpFqHtZ0Rs6',1,'undefine'),('bank1','Thế Phi','1990-02-05','Nam','120 Tôn Thất Thuyế','035125522','$2a$10$J.ju7Nq2yiYEINWlVuJHjuSHOr.p.jZYtumqDpM5Q4xgMWxDgWRBG',5,'undefine'),('bank2','Ngọc Mai','1990-02-23','Nữ','123 Nguyễn ĐC','1362222','$2a$10$FMUdWVBBh66eTFGJfWwedOns5ZVrSD1qP5prbf4yOsrVWsydV0TAy',5,'undefine'),('exam1','Trần Thành Nhân','1990-02-05','Nam','366 Điện Biên Phủ','02154542121','$2a$10$J.ju7Nq2yiYEINWlVuJHjuSHOr.p.jZYtumqDpM5Q4xgMWxDgWRBG',4,'undefine'),('exam2','Hoàng Lan','1990-01-08','Nữ','235 Kha Vạn Cân','01255223123','$2a$10$J.ju7Nq2yiYEINWlVuJHjuSHOr.p.jZYtumqDpM5Q4xgMWxDgWRBG',4,'undefine'),('lec1','Vũ Thị Ngọc bích','1990-05-05','Nữ','23 Võ Văn Ngân','012663488','$2a$10$J.ju7Nq2yiYEINWlVuJHjuSHOr.p.jZYtumqDpM5Q4xgMWxDgWRBG',3,'undefine'),('lec2','Hoàng Thái Tú Nam','1990-02-06','Nam','150 Công Định','015255666','$2a$10$0aBXc99TEOruz2lZdJuWfuKwiPWQRfLtvwAfwK8O0pg9QGTwqpZzK',3,'undefine'),('sv1','Đặng Đức Thái','1990-10-09','Nam','122 Phạm Văn Hai','01236541258','$2a$10$J.ju7Nq2yiYEINWlVuJHjuSHOr.p.jZYtumqDpM5Q4xgMWxDgWRBG',2,'class1'),('sv1088','Nguyễn Minh Đức','1990-02-05','Nam','39 Bạch Đằng, Phường 2 Quận Tân Bình, TP Hồ Chí Minh','918122588','$2a$10$SBkqe3/KCPzG1UJhZA8n1O5UwJPSvEBg0.zlq7CSPCAlR3OpE18ZC',2,'class2'),('sv1211','Lê Thị Giang','1990-02-05','Nữ','40 Bạch Đằng, Phường 2 Quận Tân Bình, TP Hồ Chí Minh','918660420','$2a$10$WakFPCS1QPGoG3BIGaNh9uKxIlSEixwWuTe2oCm5mcUqkqKrkaBa.',2,'class2'),('sv12149','Bùi Thị Muôn','1990-02-05','Nữ',' 94 Cách mạng tháng 8, phường Bến Thành, quận I, TP. Hồ Chí Minh','907000350','$2a$10$UG3x2yKaUA8Y/3AXSb53ye7OGUF0Fv6T38XGczkKQhpO9345EXUFi',2,'class4'),('sv12172','Trịnh Văn Thuận','1990-02-05','Nam',' 22 Cửu Long, phường 2, quận Tân Bình, Tp. Hồ Chí Minh ','973753259','$2a$10$/pK5N8tlfofxMdojOObcc.bsZLwZzPyoRBRIABmcvjeJDSJvj1sNy',2,'class7'),('sv12234','Bạch Huỳnh Như','1990-02-05','Nam','29 Thăng Long, Phường 4, Quận Tân Bình, TP Hồ Chí Minh ','925048498','$2a$10$X.NElAjmv0RjyK25D67Rq.aEYScKvUjo86.cEFRpTXjKzRB3CALVS',2,'class8'),('sv12575','Bùi Mạnh Khởi','1990-02-05','Nam','193 Pasteur, quận 3, Tp. Hồ Chí Minh ','948881449','$2a$10$dzjRHTP5.8UxJs90xNf3su4sHqDd8Xy/ATRBW6.JDnDuZqMByYWvC',2,'class7'),('sv12655','Trịnh Văn Cử','1990-02-05','Nam','30 Thăng Long, Phường 4, Quận Tân Bình, TP Hồ Chí Minh ','925048498','$2a$10$86t7ZjYfLHYm4h1Uik4uh.hUTBhwRFR2wlkW6cOxAdaz/42VVp/lu',2,'class8'),('sv1350','Lê Ngọc Hùng Hiệp','1990-02-05','Nam',' 280 đường D2, Phường 25 quận Bình Thạnh, Thành phố HCM','1295779916','$2a$10$zFgOwDulss3unL2ZSZ87nO151foY7u4bBtVnJoE4f.TVpiHyHBMc.',2,'class2'),('sv1426','Nguyễn Văn Hải','1990-02-05','Nam',' 279 đường D2, Phường 25 quận Bình Thạnh, Thành phố HCM','963939994','$2a$10$LjPzVus0R8OGh4i3/UGdeeau3gjmc5xXzxxGyz7yDybelNVACI0Zy',2,'class2'),('sv1481','Nguyễn Tiến Hiếu','1990-02-05','Nam',' 281 đường D2, Phường 25 quận Bình Thạnh, Thành phố HCM','1693535884','$2a$10$qizaLbit05IadVYnPCgG2u3fqyLbFGw83HUZv82Vt/LML8kGdWP62',2,'class2'),('sv1482','Nguyễn Thị Thu Hoài','1990-02-05','Nữ',' 282 đường D2, Phường 25 quận Bình Thạnh, Thành phố HCM','919444383','$2a$10$ElD0Rd8CsYW8teL6IXHOXeyQdfm3qshgiKrxVMOTtMqmvxR7Z3wUC',2,'class2'),('sv1507','Nguyễn Thu Hoài','1990-02-05','Nam',' 283 đường D2, Phường 25 quận Bình Thạnh, Thành phố HCM','1697277498','$2a$10$BwTgMr8tAt3lkkAGk5KWd.9b5WVOf8QBsQYj7QwPg3YWHK2DvTpg2',2,'class1'),('sv1559','Đặng Tuấn Hoàng','1990-02-05','Nam',' 284 đường D2, Phường 25 quận Bình Thạnh, Thành phố HCM','986716397','$2a$10$.KSHKEZx4Et87X71m0z9G.rwOxi.XPqFcFWw18/J6X2C6bqssTWmO',2,'class1'),('sv1609','Phạm Văn Hoàng','1990-02-05','Nam',' 285 đường D2, Phường 25 quận Bình Thạnh, Thành phố HCM','837271516','$2a$10$nlBUA8axMc.39JzxzLQNrOrl8DLpPX1J52ukndQYDzz6b2wU4COL2',2,'class1'),('sv16338','Nguyễn Ngọc Mai','1990-02-05','Nữ','181 Ban Kỳ Khởi nghĩa, Phường 6, Quận 3, Thành phố HCM ','907000350','$2a$10$GtbWeMP09hJZ6eR/lvA7me6AL/d8k7l3EAbiN2plR/66z6Tz/x3cG',2,'class6'),('sv16438','Mai Minh Tuấn','1990-02-05','Nam','786 Lê Hồng Phong, phường 12, quận 10, Tp. Hồ Chí Minh ','907000350','$2a$10$6Wv0DFtBEIn/ErqTvBzoNu.aBHdFosTv8ackzDFiZ4Ygin6pemO0W',2,'class6'),('sv16563','Võ Văn Một','1990-02-05','Nam','182 Ban Kỳ Khởi nghĩa, Phường 6, Quận 3, Thành phố HCM ','948881449','$2a$10$FbgoRqIqJFP4k5zjGsi32.w55rO0oIjRs6jmEyXO4kMyvNl.qy08W',2,'class6'),('sv165636','Nguyễn Thanh Dân','1990-02-05','Nam','191 Pasteur, quận 3, Tp. Hồ Chí Minh ','948881449','$2a$10$2cAsMFwaItkDF3EoisH79OrWgJFswKcjLsivquMJbnWJzYL4O9GTO',2,'class7'),('sv16825','Hoàng Văn Hùng','1990-02-05','Nam','45 Lê Thánh Tôn, phường Bến Nghé, quận 1, Tp. Hồ Chí Minh ','925048498','$2a$10$rGcf.W9jdtspNLGv1GhFvOcSXxvr88.1cNR9GATX6cWnPGWnQ9sfC',2,'class8'),('sv18349','Vỏ Văn Kha','1990-02-05','Nam',' 89 Cách mạng tháng 8, phường Bến Thành, quận I, TP. Hồ Chí Minh','907000350','$2a$10$r67ihuVY1XVS6Y/wcc6R6e4f.micFra/qLpuOvW0UDIXXK8C3FL9C',2,'class4'),('sv1850','Trần Đức Học','1990-02-05','Nam',' 286 đường D2, Phường 25 quận Bình Thạnh, Thành phố HCM','913133894','$2a$10$LwwwOIJb.6gSz3t6Cqwa..K.0L7D7KeJiHtF90lFAWpKKmrnzTFse',2,'class1'),('sv1903','Trần Thị Thúy Hường','1990-02-05','Nam','50D Bùi Thị Xuân, phường Bến Thành, Quận 1, TP Hồ Chí Minh ','907094345','$2a$10$0Pt8LwSICxrgGHyvEbJ7NeWNYcXgIQXol8/gbsW3hvpKSvxASf8aa',2,'class1'),('sv1919','Lê Văn Hưng','1990-02-05','Nam','50D Bùi Thị Xuân, phường Bến Thành, Quận 1, TP Hồ Chí Minh ','1677303904','$2a$10$jpq.5gjZfrIrkXMQtAMbveYDhi/8uLFXG50aVk9EWIzK9lIRLAvH.',2,'class1'),('sv1931','Bùi Thị Ngọc Hường','1990-02-05','Nữ','50D Bùi Thị Xuân, phường Bến Thành, Quận 1, TP Hồ Chí Minh ','916438487','$2a$10$eghOLwPTp1Mzsos6rN/9XONSc3fLgtvRgyiNuPQEdK8JHTKh7LH7q',2,'class1'),('sv19522','Phan Cẩm Thi','1990-02-05','Nữ',' 93 Cách mạng tháng 8, phường Bến Thành, quận I, TP. Hồ Chí Minh','907000350','$2a$10$C1it2s3zfxaSD787efjM5.s4UTtFgEWpkwhh5XMQ65nXE9owepsjK',2,'class4'),('sv2','Hoàng Trân','1990-05-09','Nữ','95 Nguyễn Ái Quốc','0231254879','$2a$10$xajhlnBd54vp6H3rzPJi8eXG/MnE4qYT7fQT7cUNnuTrTlJx0u84y',2,'class1'),('sv2051','Dương Đình Kiệt','1990-02-05','Nam','106 A Cư xá Nguyễn Văn Trỗi, phường 17, quận Phú Nhuận, Tp. Hồ Chí Minh ','917326426','$2a$10$CSGBc3LeGJhooXOwh4ilLOwvxP7enbbTqvT6kLWozldsbdZ4uJ1/G',2,'class1'),('sv20655','Bùi Văn Thanh','1990-02-05','Nam','313 đường Hoàng Diệu, phường 6, quận 4, Tp. Hồ Chí Minh ','907000350','$2a$10$FBt9hCdYtsk4h6BV3dwu6Oq8FIjXyFTkzjx4lDP2f1YBeO3VO96NW',2,'class4'),('sv2089','Nguyễn Thị Hương','1990-02-05','Nam','50D Bùi Thị Xuân, phường Bến Thành, Quận 1, TP Hồ Chí Minh ','925048498','$2a$10$H1NXYg/ApMFNfac.ayUPMelXbMvY1vZu54oaR9ydNlUzQI.HvpnpC',2,'class1'),('sv2147','Nguyễn Đạt Trí Khang','1990-02-05','Nam','108 A Cư xá Nguyễn Văn Trỗi, phường 17, quận Phú Nhuận, Tp. Hồ Chí Minh ','1656364757','$2a$10$sph5.lutOav9qM9hBNbsC.PYxln4hjnx5KNV9kb1BuiW7G3mcj7EK',2,'class1'),('sv2187','Nguyễn Vân Lập','1990-02-05','Nam','109 A Cư xá Nguyễn Văn Trỗi, phường 17, quận Phú Nhuận, Tp. Hồ Chí Minh ','903918485','$2a$10$vYxwwk0C3j1h515PDEtBJeUQs9FWzZLy/BM9oKe61M2zbA3yvTjk6',2,'class1'),('sv22588','Nguyễn Văn Diệu','1990-02-05','Nam','37 Đường 22 Khu phố 2, Phường Bình An, Quận 2, Tp Hồ Chí Minh ','988992518','$2a$10$mv1s8qA4VfMBlgGCyhit4.yMsGET55syguVPnAuIqChp6F.XIDfnC',2,'class5'),('sv2259','Hoàng Văn Kiên','1990-02-05','Nam','107 A Cư xá Nguyễn Văn Trỗi, phường 17, quận Phú Nhuận, Tp. Hồ Chí Minh ','1633871544','$2a$10$EWlr5OxqkU4s0Mm0hhoGsur.gm8hjmrNnDbqHkEZjdibY2h9ua31e',2,'class1'),('sv2418','Mai Thị Linh','1990-02-05','Nữ','110 A Cư xá Nguyễn Văn Trỗi, phường 17, quận Phú Nhuận, Tp. Hồ Chí Minh ','939849458','$2a$10$upxdKatK8cqLRYL9Gl55quX0W9sFQk2XJM7nPJr42LvhbqdJUIPeC',2,'class1'),('sv2460','Tống Thị Mến','1990-02-05','Nữ',' 25 Pasteur, phường Nguyễn Thái Bình, quận 1, Tp. Hồ Chí Minh ','1656364757','$2a$10$47pUERf7fe4S0Q7bCKb2j.8GyEYT3Ys6ljGJIyIOytSkD5ySfBKBu',2,'class1'),('sv2487','Nguyễn Đức Minh','1990-02-05','Nam',' 26 Pasteur, phường Nguyễn Thái Bình, quận 1, Tp. Hồ Chí Minh ','918035895','$2a$10$/ZkZaMVvlGD0jA28YeD56uuxRnelqhX2O.LsQbTSUk/CHPtDIo.KC',2,'class1'),('sv25898','Phạm Quang Trường','1990-02-05','Nam',' 90 Cách mạng tháng 8, phường Bến Thành, quận I, TP. Hồ Chí Minh','907000350','$2a$10$/K4/RHPT1VLaQKK0IzSR7.jA18QRzcbZ77ycfW6Ap8IKPah7L3uJi',2,'class4'),('sv2600','Phan Thị Nhật Minh','1990-02-05','Nam',' 27 Pasteur, phường Nguyễn Thái Bình, quận 1, Tp. Hồ Chí Minh ','1257542074','$2a$10$pTD3KoPCztr0oQRGhyjSQuZ6XbRC6AXRg4VE4D1zXfzbSoVq5PVOy',2,'class1'),('sv2785','Phan Hoàng Nam','1990-02-05','Nam',' 29 Pasteur, phường Nguyễn Thái Bình, quận 1, Tp. Hồ Chí Minh ','948881449','$2a$10$y.S.6vuM0oUgeZkjbJ3kae.cBnnWC2lrZVKTy/1bCNmMWCsC8W/4O',2,'class3'),('sv3','Hoàng Nam Hải','2017-07-04','nam','123 Trần Phú','012645222','$2a$10$Palg/iGqfBXq1z/teQQyHe8cRgmaGK/q/DtSbl0wnwVYf.2b0WF/y',2,'class4'),('sv3083','Phạm Nhật Nam','1990-02-05','Nam',' 28 Pasteur, phường Nguyễn Thái Bình, quận 1, Tp. Hồ Chí Minh ','942600799','$2a$10$Ks3fY2EdWH8nwZGeda2qweAHUq/GeP.wpYa6JQxg/cB6rI8TgfN4W',2,'class1'),('sv3122','Nguyễn Thị Nhung','1990-02-05','Nữ',' 01 phổ quang, phường 2, quận Tân Bình, Tp. Hồ Chí Minh ','6503820328','$2a$10$MAp8LgiYXB6fygCXCAccpOQVjLzIxQJRBPrpNBHYdyyES7zMnd17G',2,'class3'),('sv31331','Nguyễn Thị Pha','1990-02-05','Nam','784 Lê Hồng Phong, phường 12, quận 10, Tp. Hồ Chí Minh ','945213369','$2a$10$/KE/ammrRPzmLN3zQQ1GcOfSPeNFChFCWjiudfz3nZys3WcKEBuxW',2,'class6'),('sv3206','Lê Thị Quỳnh','1990-02-05','Nam',' 2 phổ quang, phường 2, quận Tân Bình, Tp. Hồ Chí Minh ','1217221021','$2a$10$vOCMKy6HYeiUYADoZXkYvubHAOHpX0xKpx.C2vLpZm/Vf0Ls6LcsW',2,'class3'),('sv3344','Phạm Anh Tuấn','1990-02-05','Nam','2-4-6 Đồng Khởi, Bến Nghé, quận I, Tp. Hồ Chí Minh ','1223444945','$2a$10$7YqX0UseQKMtZTyhUZFlf.Knydbz6603ANYz/EoftOFFc3bZvVeia',2,'class3'),('sv3350','Hoàng Văn Thái','1990-02-05','Nam',' 36 Nguyễn Trường Tộ, phường 12, quận 4, Tp. Hồ Chí Minh ','1265558169','$2a$10$2RTrenXSJayUNYoWEfmda.9f/taR613KxQHPwGo1RQ0jm5ixnD1gu',2,'class3'),('sv3369','Nguyễn Mạnh Thái','1990-02-05','Nam',' 37 Nguyễn Trường Tộ, phường 12, quận 4, Tp. Hồ Chí Minh ','973152724','$2a$10$QhwB/gqaQ00wte2vFKFiHO8JWZlIN0wcVo3AfIDrOlIm0Q87Pd/z6',2,'class3'),('sv3701','Chu Minh Thành','1990-02-05','Nam',' 38 Nguyễn Trường Tộ, phường 12, quận 4, Tp. Hồ Chí Minh ','912029889','$2a$10$57Is0VNmZ6MhugCMvnMi9eBdQZ1m19h2nXMpFqTuFCmxiN.lo2AA2',2,'class3'),('sv3730','Nguyễn Thu Thủy','1990-02-05','Nữ',' 39 Nguyễn Trường Tộ, phường 12, quận 4, Tp. Hồ Chí Minh ','1682562472','$2a$10$K9dqtWIYzL13YXvieitOEeufk/5SA.DUnXdOH2az8jt9HY7TB3.tS',2,'class3'),('sv3791','Nguyễn Hoàng Sơn','1990-02-05','Nam',' 3 phổ quang, phường 2, quận Tân Bình, Tp. Hồ Chí Minh ','933029135','$2a$10$UgxUQDDxbPviEymtxeydW.1V7Pb.fz2L9I1QjbxQSeoSqkoJp6c5a',2,'class3'),('sv3898','Nguyễn Thị Quỳnh Thương','1990-02-05','Nữ',' 40 Nguyễn Trường Tộ, phường 12, quận 4, Tp. Hồ Chí Minh ','982594154','$2a$10$DJQZwhhGnr5R9IONNkekV.n70v1M.9yvQs7ruKfi8sVkrUFihi7hy',2,'class3'),('sv3928','Trần Thu Trang','1990-02-05','Nữ','205 Nguyễn Xí, phường 26, quận Bình Thạnh, thành phố Hồ Chí Minh ','977446455','$2a$10$KeoAJrDmVC1EzIddJR8r5.9wU1Yd9a.lGifXOw8ukfcb4DbGaCRiO',2,'class3'),('sv3941','Phạm Minh Trí','1990-02-05','Nam','206 Nguyễn Xí, phường 26, quận Bình Thạnh, thành phố Hồ Chí Minh ','939079699','$2a$10$h4MGQguLF7Zf4CxWvp5SDOA4HY3JVwZt2ExKFV10fbg5VQ2JbWw6q',2,'class3'),('sv39994','Trần Thị Kim Em','1990-02-05','Nữ','39 Đường 22 Khu phố 2, Phường Bình An, Quận 2, Tp Hồ Chí Minh ','988992518','$2a$10$l97U3LtHBCvx7gdOp1sR0uTqWI2VoKgH3k9PNT8U2wLCU80iD6sQ6',2,'class5'),('sv4','Hoàng Ngọc Đức','2017-07-04','Nam','123 Trần Phú','012363355','$2a$10$ekftELYBNPTUImefl0DK/eCOqVcTHwmyxAM9Uerv2g4WgeSEVlS4.',2,'class5'),('sv40935','Đỗ Thị Tuyết Loan','1990-02-05','Nữ','301 Huỳnh Tấn Phát, phường Tân Thuận Tây, quận 7, Tp. Hồ Chí Minh ','988992518','$2a$10$cX6UnWUliU7JbPuuHOvse.T3A809k9X5pJ9ld7hi2c7tgurDopJ5a',2,'class5'),('sv4135','Nguyễn Anh Tú','1990-02-05','Nữ',' 5 phổ quang, phường 2, quận Tân Bình, Tp. Hồ Chí Minh ','935611126','$2a$10$RmW./Jpdq7li5BdVIMlCxu0bmFcOi.yyaLyXFD9AzyWQnl7SaSVWW',2,'class3'),('sv4315','Nguyễn Đức Trọng','1990-02-05','Nam','207 Nguyễn Xí, phường 26, quận Bình Thạnh, thành phố Hồ Chí Minh ','937711864','$2a$10$nDZ8VCBVk9Adr/sgxRYYOOI8EI6Jl2sSDQOSuyo4lfdHqskXRFnsC',2,'class3'),('sv4425','Lê Anh Văn','1990-02-05','Nam','208 Nguyễn Xí, phường 26, quận Bình Thạnh, thành phố Hồ Chí Minh ','937711864','$2a$10$IXpoIBSsmoDD3FF6q3sZuuPgE./wEaWi6CWWkIvclC4hpLJhKvzQ6',2,'class4'),('sv4442','Nguyễn Thị Hải Yến','1990-02-05','Nữ','309 đường Hoàng Diệu, phường 6, quận 4, Tp. Hồ Chí Minh ','945213369','$2a$10$iC2XQpcSqAl6RPSAvnORZOGjHlfoWO70iMcjSGWBIGlXVIZqZe0K6',2,'class4'),('sv44438','Trịnh Thị Lài','1990-02-05','Nữ','42 Đường 22 Khu phố 2, Phường Bình An, Quận 2, Tp Hồ Chí Minh ','945213369','$2a$10$1Uw/ehSea.jPD1VqCNVo2.KDhE7AxRqbpYINGroqFI7pmL05K0TiS',2,'class5'),('sv4452','Nguyễn Đức Vượng','1990-02-05','Nam','209 Nguyễn Xí, phường 26, quận Bình Thạnh, thành phố Hồ Chí Minh ','945213369','$2a$10$xdqr0ayLDHeLhEgOxzjphu1g79Ja2j6gdOGENK1SbwXk7kLeDnZyG',2,'class4'),('sv45565','Hà Văn Huyện','1990-02-05','Nam','299 Huỳnh Tấn Phát, phường Tân Thuận Tây, quận 7, Tp. Hồ Chí Minh ','988992518','$2a$10$eSFoIV.tjjyvrFj3yEs1aepaMYLgG2jRsdhkB0RldmrAfhWd3qewe',2,'class4'),('sv48494','Lê Văn Bình','1990-02-05','Nam','302 Huỳnh Tấn Phát, phường Tân Thuận Tây, quận 7, Tp. Hồ Chí Minh ','988992518','$2a$10$8TkIj/vJKBeZ5sjChnAXmum0qQMbM3CtRH8tjcquNS1CoqhFu3kbS',2,'class5'),('sv5','Nam Hoàng','1997-06-05','Nam','123 đặng đức thuật','1362222','$2a$10$xpsqVolxWmUcINGLTjsLveMfRS4IueQa9gvrImnG8TinW0rLncqCa',2,'class2'),('sv5041','Tạ Xuân Tiến','1990-02-05','Nam',' 4 phổ quang, phường 2, quận Tân Bình, Tp. Hồ Chí Minh ','973753259','$2a$10$C98JRrD8IbaIVsHrohJh4e6N.GynNM3AxUhCpM7Dn/vQndFPX06m6',2,'class3'),('sv53588','Trang Mỹ Loan','1990-02-05','Nữ','41 Đường 22 Khu phố 2, Phường Bình An, Quận 2, Tp Hồ Chí Minh ','945213369','$2a$10$2814d7c9lClu7DlXL5nhvuFBQ.rI6ia5LvTgRBFciT1UyM9ZG8H4e',2,'class5'),('sv5523','Dương Minh Đức','1990-02-05','Nam','36 Bạch Đằng, Phường 2 Quận Tân Bình, TP Hồ Chí Minh','914409356','$2a$10$k1hYQmVPCzjj.Lfwbglcpe9//h8wY1jF5bCjDbZTIEs9iU7wcBgUO',2,'class2'),('sv5610','Nguyễn Đức Du','1990-02-05','Nam',' 9 Út Tịch, Phường 04, Quận Tân Bình, Thành phố Hồ Chí Minh','1235099415','$2a$10$C0PUNUiNYRT0J7vDT9SMK.QaEzp/84sKxN8Ux6s6SYqCcBGNhymfK',2,'class2'),('sv5647','LêTuấn Duy','1990-02-05','Nam',' 10 Út Tịch, Phường 04, Quận Tân Bình, Thành phố Hồ Chí Minh','906919522','$2a$10$7Us4nuWFDWgSTrsUb5Smp.mqnSUFyZklYhwjAdBQ9b4jablbGu0HC',2,'class2'),('sv65038','Lâm Thị Gái','1990-02-05','Nữ',' 21 Cửu Long, phường 2, quận Tân Bình, Tp. Hồ Chí Minh ','973753259','$2a$10$.ElcMRxo/RYUmD8BPYcs3uW7h1drBVXUqk9B2vAMjuWjY8R.5bFua',2,'class7'),('sv66042','Tạ Quốc Thiện','1990-02-05','Nam','38 Đường 22 Khu phố 2, Phường Bình An, Quận 2, Tp Hồ Chí Minh ','988992518','$2a$10$ujsN7.G96RaBisgHBpft5exP5jHgxOMnaeoSiIcEg6T3bW2LVOgta',2,'class5'),('sv66160','Trần Văn Cao','1990-02-05','Nam','300 Huỳnh Tấn Phát, phường Tân Thuận Tây, quận 7, Tp. Hồ Chí Minh ','988992518','$2a$10$5c6PUYzjNT/fVoZoaTi5auHsaXSm41VAHyJzeC9HISg9vdDgAGrjm',2,'class5'),('sv67077','Huỳnh Minh Nhật','1990-02-05','Nam',' 91 Cách mạng tháng 8, phường Bến Thành, quận I, TP. Hồ Chí Minh','907000350','$2a$10$WFLbpqainXaKrhWGYWHqhuX5r04Z8KpV/b2z9n3YlRz5aH6MZfUTq',2,'class4'),('sv70003','Vương Thị Thảo Ly','1990-02-05','Nữ','312 đường Hoàng Diệu, phường 6, quận 4, Tp. Hồ Chí Minh ','907000350','$2a$10$qnkZ.MH4xXi01tax85nFW./RuEV7ODgtKEn6nQsy.2HZCktKLieAa',2,'class4'),('sv71639','Lý Hùng Dũng','1990-02-05','Nam','782 Lê Hồng Phong, phường 12, quận 10, Tp. Hồ Chí Minh ','945213369','$2a$10$OmceTkRKuADpY8faP.U55OnMG.9p80qSZmyygpWwcE.oN6iHLcQEO',2,'class5'),('sv727151','Nguyễn Chí Cường','1990-02-05','Nam','783 Lê Hồng Phong, phường 12, quận 10, Tp. Hồ Chí Minh ','945213369','$2a$10$pERTYtmzG9bvskRLv7QaCO23h3MKC57KJQWbhAt0zQE4HG41leSqe',2,'class6'),('sv72774','Nguyễn Thị Mỹ','1990-02-05','Nữ','781 Lê Hồng Phong, phường 12, quận 10, Tp. Hồ Chí Minh ','945213369','$2a$10$Lxs4SGfjpm06xrJYE0/SCumYiKZvxFlY9mLruXaTdD.WCEz1TlLUO',2,'class5'),('sv77303','Mai Văn Sang','1990-02-05','Nam','785 Lê Hồng Phong, phường 12, quận 10, Tp. Hồ Chí Minh ','907000350','$2a$10$Ugz1PUMB7ceKSXXxGjeL4.erVj7lfWNmp947pS5aZFiGW/dOCP0fi',2,'class6'),('sv77991','Lê Thị Kim Anh','1990-02-05','Nữ','40 Đường 22 Khu phố 2, Phường Bình An, Quận 2, Tp Hồ Chí Minh ','945213369','$2a$10$bOX2XV4Bjgs97Nu0SM/jt.A4v4DJWka3iuK1l8UxALkup10U0bBmO',2,'class5'),('sv8042','Nguyễn Anh Đức','1990-02-05','Nam','38 Bạch Đằng, Phường 2 Quận Tân Bình, TP Hồ Chí Minh','913199757','$2a$10$bELc.ky4soOlFVspPFPixuPvZILBAsSVQslFcY4J3olFRfwHVTk52',2,'class2'),('sv83627','Lê Văn Nghệ','1990-02-05','Nữ','311 đường Hoàng Diệu, phường 6, quận 4, Tp. Hồ Chí Minh ','1688883627','$2a$10$6Dw2ZbEtth89ih.zez/kEuMjzLnnT3DdnyWMrh82rZbxAojxEXkJy',2,'class4'),('sv8749','Phan Thị Hải Duyên','1990-02-05','Nữ',' 11 Út Tịch, Phường 04, Quận Tân Bình, Thành phố Hồ Chí Minh','1214907840','$2a$10$8gyRE1uk8BxTdWrM33Jl2uR/4eX9d055evQQ97T7cWLLjOcUavgmK',2,'class2'),('sv8829','Lê Xuân Đức','1990-02-05','Nam','37 Bạch Đằng, Phường 2 Quận Tân Bình, TP Hồ Chí Minh','979748494','$2a$10$SMekrXKgBP9BUVbzFFzMQuv3.efEGzLZUtqS8L3TSccTUMCg9On.S',2,'class2'),('sv8978','Lê Văn Dương','1990-02-05','Nam',' 12 Út Tịch, Phường 04, Quận Tân Bình, Thành phố Hồ Chí Minh','939945565','$2a$10$wQlWzw3kM77S7JpWYEgGI./7g7EfpGiXZyhMhZ8Jl1hSjT6F77xFG',2,'class2'),('sv8993','Nguyễn Văn Độ','1990-02-05','Nam',' 13 Út Tịch, Phường 04, Quận Tân Bình, Thành phố Hồ Chí Minh','939166160','$2a$10$uwYrHP5BwSy21TX9FelsneLsCgXXno9em.1nGweVi5nLIGm0/o7b6',2,'class2'),('sv9','Mai Tiến Lam','2017-07-06','Nam','12 Hoàng Hoa Thám','01265522','$2a$10$EHGepkhfz3W8.o/WM2mDT.Nt3b0P8zZfvpMfFzGgr2CCjAtInHBTa',2,'class5'),('sv90391','Trần Quang Tôn','1990-02-05','Nam','183 Ban Kỳ Khởi nghĩa, Phường 6, Quận 3, Thành phố HCM ','948881449','$2a$10$Gy6ra35etuPHc1E329d/4.SGa0ZHXhnBfy.zCeN7/1GASuylRSTni',2,'class6'),('sv90709','Hồng Hạnh','1990-02-05','Nữ','178 Ban Kỳ Khởi nghĩa, Phường 6, Quận 3, Thành phố HCM ','907000350','$2a$10$FhmhqdUHWKEbg4m4RAk9bORZNanmHblAQl0/.hNfe/gVh5AJApAGS',2,'class6'),('sv91202','Huỳnh Văn Đức','1990-02-05','Nam','32 Thăng Long, Phường 4, Quận Tân Bình, TP Hồ Chí Minh ','925048498','$2a$10$0.mQ2Ta1S42/eKzke7LMlu7aQkrAcpLwATO7SgoaZb0lcI0bHOh6y',2,'class8'),('sv91732','Trần Thanh Hải','1990-02-05','Nam','180 Ban Kỳ Khởi nghĩa, Phường 6, Quận 3, Thành phố HCM ','907000350','$2a$10$wogOThPkMYt/oUhcU1cn3elxTyGp0xFh/SwKb9uZATTlEoQlkgqXu',2,'class6'),('sv91803','Huỳnh Bá Quang','1990-02-05','Nam','192 Pasteur, quận 3, Tp. Hồ Chí Minh ','948881449','$2a$10$cVN8TpvW2qS17DvOnUBrb.ttruGYW7eXPEBd2Ob41EORE4FPQbouy',2,'class7'),('sv92504','Lê Chí Đệ','1990-02-05','Nam','179 Ban Kỳ Khởi nghĩa, Phường 6, Quận 3, Thành phố HCM ','907000350','$2a$10$a6AYqmHjLNn8okOPVtp4qeF9XP3zSETKmtJ6BOsl2Oo3A93vnxIL.',2,'class6'),('sv92518','Nguyễn Ngọc Diễm','1990-02-05','Nữ','310 đường Hoàng Diệu, phường 6, quận 4, Tp. Hồ Chí Minh ','988992518','$2a$10$xEDckc5JHfo9VdgcXRgSrOJBovkVj7pExjmMZXHJlaqkL4pN2qpHC',2,'class4'),('sv93302','Bồ Văn Cu','1990-02-05','Nam',' 23 Cửu Long, phường 2, quận Tân Bình, Tp. Hồ Chí Minh ','973753259','$2a$10$y0pBza7btFkXnG0HsBlLA.LD7YX2N6Pb7dxcSoSacbUBefSR8bOhm',2,'class7'),('sv93984','Nguyễn Ngọc Mai','1990-02-05','Nữ','190 Pasteur, quận 3, Tp. Hồ Chí Minh ','948881449','$2a$10$3zbS/I7brSfQJQMgSyV.ROaHpMJT2R78dkTmbHvLQEq.htQt4ZQC2',2,'class6'),('sv93994','Trần Văn Sang','1990-02-05','Nam','298 Huỳnh Tấn Phát, phường Tân Thuận Tây, quận 7, Tp. Hồ Chí Minh ','907000350','$2a$10$y9.4GvAQbbLinMqdcSaF2uhHipQDaIfmAqGMHdtnjo8G0CE3dtilO',2,'class4'),('sv94260','Chu Hữu Đoan Trang','1990-02-05','Nữ','194 Pasteur, quận 3, Tp. Hồ Chí Minh ','973753259','$2a$10$qSCKNmCFHLYhQl7keOmyE.i72u.FTreZqVyvNW/KzM.3EpjOPneKm',2,'class7'),('sv94888','Trần Thị Châu','1990-02-05','Nữ','195 Pasteur, quận 3, Tp. Hồ Chí Minh ','973753259','$2a$10$o7WF9yTQd/UenXjb.2EMeOlM9T41fuiSzwARIFTXlZtRpM4WW4Thm',2,'class7'),('sv97315','Huỳnh Thị Hồng Nhâm','1990-02-05','Nam','31 Thăng Long, Phường 4, Quận Tân Bình, TP Hồ Chí Minh ','925048498','$2a$10$AWMLref.VwkwNvAyFC31OOkRAplhwRCUDF8KBgb5pnCNk4Dm0lwee',2,'class8'),('sv97375','Nguyễn Ngọc Thanh','1990-02-05','Nam',' 24 Cửu Long, phường 2, quận Tân Bình, Tp. Hồ Chí Minh ','973753259','$2a$10$6elQ0HJkkSXGBxkC5lPfBOfNjCc1/auuHJrwWoKyZsj55q3QgCTR6',2,'class7'),('sv97378','Huỳnh Văn Thiết','1990-02-05','Nam',' 25 Cửu Long, phường 2, quận Tân Bình, Tp. Hồ Chí Minh ','925048498','$2a$10$AxxC9.oSS4hbYLhmJ2CDvO6dqzmJrFVd5fhP9f8A7t.JmARaYwqk.',2,'class8'),('sv98259','Nguyễn Hữu Huy','1990-02-05','Nam','46 Lê Thánh Tôn, phường Bến Nghé, quận 1, Tp. Hồ Chí Minh ','925048498','$2a$10$9uPgpgE846QSd2.5eMdiTegE7pCP4HeL5GT3nL3tVOAL4szpQc3Qe',2,'class8'),('sv99415','Trần Bình Phước','1990-02-05','Nam',' 92 Cách mạng tháng 8, phường Bến Thành, quận I, TP. Hồ Chí Minh','907000350','$2a$10$HoYAT3VSjV/T5LGmhLlzOukhU9I5EneCKZlolfmI4W2zHJjIPPf3i',2,'class4'),('sv99757','Nguyễn Nhiệm Toàn','1990-02-05','Nam','303 Huỳnh Tấn Phát, phường Tân Thuận Tây, quận 7, Tp. Hồ Chí Minh ','988992518','$2a$10$/vymBBaecxUx6CRtf10Ie.itB//PUTC/7Tnsyvieq.EC3LEEvVt1e',2,'class5');
/*!40000 ALTER TABLE `user` ENABLE KEYS */;
UNLOCK TABLES;

--
-- Table structure for table `user_dethi`
--

DROP TABLE IF EXISTS `user_dethi`;
/*!40101 SET @saved_cs_client     = @@character_set_client */;
/*!40101 SET character_set_client = utf8 */;
CREATE TABLE `user_dethi` (
  `MaSinhVien` varchar(10) NOT NULL,
  `MaDeThi` int(11) NOT NULL,
  `Diem` float DEFAULT NULL,
  PRIMARY KEY (`MaSinhVien`,`MaDeThi`),
  KEY `Fok_sinhviendethi_dethi` (`MaDeThi`),
  CONSTRAINT `Fok_sinhviendethi_dethi` FOREIGN KEY (`MaDeThi`) REFERENCES `dethi` (`idDeThi`) ON DELETE NO ACTION ON UPDATE NO ACTION,
  CONSTRAINT `Fok_sinhviendethi_sinhvien` FOREIGN KEY (`MaSinhVien`) REFERENCES `user` (`id`) ON DELETE NO ACTION ON UPDATE NO ACTION
) ENGINE=InnoDB DEFAULT CHARSET=utf8;
/*!40101 SET character_set_client = @saved_cs_client */;

--
-- Dumping data for table `user_dethi`
--

LOCK TABLES `user_dethi` WRITE;
/*!40000 ALTER TABLE `user_dethi` DISABLE KEYS */;
/*!40000 ALTER TABLE `user_dethi` ENABLE KEYS */;
UNLOCK TABLES;

--
-- Dumping events for database 'quizz'
--

--
-- Dumping routines for database 'quizz'
--
/*!50003 DROP FUNCTION IF EXISTS `subAddress` */;
/*!50003 SET @saved_cs_client      = @@character_set_client */ ;
/*!50003 SET @saved_cs_results     = @@character_set_results */ ;
/*!50003 SET @saved_col_connection = @@collation_connection */ ;
/*!50003 SET character_set_client  = utf8 */ ;
/*!50003 SET character_set_results = utf8 */ ;
/*!50003 SET collation_connection  = utf8_general_ci */ ;
/*!50003 SET @saved_sql_mode       = @@sql_mode */ ;
/*!50003 SET sql_mode              = 'STRICT_TRANS_TABLES,NO_AUTO_CREATE_USER,NO_ENGINE_SUBSTITUTION' */ ;
DELIMITER ;;
CREATE DEFINER=`root`@`localhost` FUNCTION `subAddress`(srcString varchar(1000),x1 INTEGER, y1 INTEGER) RETURNS varchar(1000) CHARSET latin1
BEGIN
 DECLARE dist varchar(1000);
 SET dist = substring(srcString,x1,y1);
 RETURN dist;
END ;;
DELIMITER ;
/*!50003 SET sql_mode              = @saved_sql_mode */ ;
/*!50003 SET character_set_client  = @saved_cs_client */ ;
/*!50003 SET character_set_results = @saved_cs_results */ ;
/*!50003 SET collation_connection  = @saved_col_connection */ ;
/*!40103 SET TIME_ZONE=@OLD_TIME_ZONE */;

/*!40101 SET SQL_MODE=@OLD_SQL_MODE */;
/*!40014 SET FOREIGN_KEY_CHECKS=@OLD_FOREIGN_KEY_CHECKS */;
/*!40014 SET UNIQUE_CHECKS=@OLD_UNIQUE_CHECKS */;
/*!40101 SET CHARACTER_SET_CLIENT=@OLD_CHARACTER_SET_CLIENT */;
/*!40101 SET CHARACTER_SET_RESULTS=@OLD_CHARACTER_SET_RESULTS */;
/*!40101 SET COLLATION_CONNECTION=@OLD_COLLATION_CONNECTION */;
/*!40111 SET SQL_NOTES=@OLD_SQL_NOTES */;

-- Dump completed on 2017-07-17 21:26:08
